,patch,result,position,year,playoffs,game,playerid,gamelength,kills,deaths,assists,teamkills,teamdeaths,doublekills,triplekills,quadrakills,pentakills,firstblood,firstbloodkill,firstbloodassist,firstbloodvictim,team kpm,ckpm,firstdragon,dragons,opp_dragons,elementaldrakes,opp_elementaldrakes,infernals,mountains,clouds,oceans,dragons (type unknown),elders,opp_elders,firstherald,heralds,opp_heralds,firstbaron,barons,opp_barons,firsttower,towers,opp_towers,firstmidtower,firsttothreetowers,inhibitors,opp_inhibitors,damagetochampions,dpm,damageshare,damagetakenperminute,damagemitigatedperminute,wardsplaced,wpm,wardskilled,wcpm,controlwardsbought,visionscore,vspm,totalgold,earnedgold,earned gpm,earnedgoldshare,goldspent,gspd,total cs,minionkills,monsterkills,monsterkillsownjungle,monsterkillsenemyjungle,cspm,goldat10,xpat10,csat10,opp_goldat10,opp_xpat10,opp_csat10,golddiffat10,xpdiffat10,csdiffat10,killsat10,assistsat10,deathsat10,opp_killsat10,opp_assistsat10,opp_deathsat10,goldat15,xpat15,csat15,opp_goldat15,opp_xpat15,opp_csat15,golddiffat15,xpdiffat15,csdiffat15,killsat15,assistsat15,deathsat15,opp_killsat15,opp_assistsat15,opp_deathsat15,Cluster
7,8.01,1,mid,2018.0,0.0,1.5460526315789473,5.2368421052631575,2142.3903508771928,4.059210526315789,1.269736842105263,6.350877192982456,14.230263157894736,6.532894736842105,0.5372807017543859,0.08991228070175439,0.02412280701754386,0.010964912280701754,0.29605263157894735,0.1513157894736842,0.14473684210526316,0.06140350877192982,0.41650000000000026,0.5951752192982456,,,,,,,,,,,,,,,,,,,,,,,,0.5722543352601156,0.06936416184971098,21517.890350877195,594.792294736842,0.2798203635964914,384.7352412280709,313.4237575144511,18.885964912280702,0.5305168859649124,11.657894736842104,0.31961535087719295,5.9298245614035086,45.15028901734104,1.2336306358381504,15995.447368421053,11349.36403508772,320.5259877192986,0.22880280482456147,14338.23903508772,,352.765350877193,321.5921052631579,31.17324561403509,21.05043859649123,4.883771929824562,9.917589912280706,3530.9605263157896,4826.793859649123,90.99342105263158,3408.4802631578946,4744.912280701755,88.51973684210526,122.48026315789474,81.88157894736842,2.473684210526316,0.36403508771929827,0.3508771929824561,0.1600877192982456,0.20614035087719298,0.23026315789473684,0.26535087719298245,5663.666666666667,7731.096491228071,147.6951754385965,5377.475877192983,7550.372807017544,143.12938596491227,286.1907894736842,180.72368421052633,4.565789473684211,0.8157894736842105,0.8464912280701754,0.34210526315789475,0.5109649122807017,0.5372807017543859,0.5592105263157895,Cluster 2
17,8.02,1,mid,2018.0,0.0,1.4410774410774412,5.407407407407407,2174.949494949495,4.28956228956229,1.2087542087542087,6.430976430976431,14.65993265993266,6.94949494949495,0.5185185185185185,0.09090909090909091,0.010101010101010102,0.0,0.29292929292929293,0.13131313131313133,0.16161616161616163,0.06397306397306397,0.42386868686868706,0.6111814814814812,,,,,,,,,,,,,,,,,,,,,,,,0.3951612903225806,0.07258064516129033,23072.915824915824,625.628479797979,0.29090889831649835,401.2078454545455,332.5896479838707,19.653198653198654,0.541479797979798,10.084175084175085,0.27361043771043764,5.777777777777778,43.766129032258064,1.199355241935483,16144.353535353535,11431.872053872054,317.4771562289562,0.24143508080808093,14497.481481481482,,357.2962962962963,325.04040404040404,32.255892255892256,22.296296296296298,5.141414141414141,9.879930303030303,3523.5757575757575,4848.461279461279,92.11111111111111,3451.3569023569025,4779.13468013468,90.52188552188552,72.21885521885523,69.32659932659932,1.5892255892255893,0.30976430976430974,0.3367003367003367,0.15151515151515152,0.25252525252525254,0.16161616161616163,0.19865319865319866,5674.117845117845,7756.215488215488,148.56902356902356,5400.212121212121,7569.602693602694,145.1043771043771,273.9057239057239,186.6127946127946,3.4646464646464645,0.8215488215488216,0.8922558922558923,0.3400673400673401,0.5454545454545454,0.4478114478114478,0.5521885521885522,Cluster 2
27,8.03,1,mid,2018.0,0.0,1.4188790560471976,5.315634218289086,2157.4306784660766,4.330383480825959,1.1946902654867257,6.572271386430678,14.660766961651918,6.825958702064897,0.5457227138643068,0.10619469026548672,0.011799410029498525,0.0058997050147492625,0.32448377581120946,0.17404129793510326,0.1504424778761062,0.06489675516224189,0.42389144542772916,0.6075970501474929,,,,,,,,,,,,,,,,,,,,,,,,0.471976401179941,0.017699115044247787,22905.825958702066,626.984775221239,0.2927838554572269,394.4222598820062,339.96824660766947,20.244837758112094,0.5613858407079643,10.997050147492626,0.29900560471976423,6.867256637168142,45.37463126843658,1.246717699115044,16051.091445427728,11374.318584070796,318.7968407079646,0.2424462920353984,14363.085545722714,,355.1946902654867,323.80825958702064,31.386430678466077,21.36283185840708,5.126843657817109,9.906417994100295,3558.3982300884954,4878.899705014749,92.79941002949853,3435.8082595870205,4794.941002949852,91.05014749262537,122.58997050147492,83.95870206489676,1.7492625368731562,0.3687315634218289,0.32448377581120946,0.13864306784660768,0.15339233038348082,0.2182890855457227,0.25958702064896755,5680.1563421828905,7816.551622418879,150.42182890855457,5396.784660766962,7621.587020648967,146.58407079646017,283.37168141592923,194.9646017699115,3.837758112094395,0.7905604719764012,0.7905604719764012,0.2920353982300885,0.43952802359882004,0.5191740412979351,0.5634218289085545,Cluster 2
37,8.04,1,mid,2018.0,0.0,1.4973958333333333,5.369791666666667,2081.4114583333335,3.890625,1.328125,6.778645833333333,14.6484375,7.002604166666667,0.5286458333333334,0.08854166666666667,0.010416666666666666,0.0,0.3151041666666667,0.125,0.19010416666666666,0.046875,0.440221354166667,0.6350052083333333,,,,,,,,,,,,,,,,,,,,,,,,0.3493975903614458,0.05120481927710843,19946.752604166668,563.3780513020837,0.2698390729166667,403.748334375,366.99165993975913,19.828125,0.5730687499999999,9.260416666666666,0.26109296875000004,6.971354166666667,43.846385542168676,1.2438599397590366,15196.276041666666,10674.591145833334,310.3339770833334,0.23779875260416658,13628.606770833334,,332.1744791666667,302.0234375,30.151041666666668,20.59375,4.84375,9.6084640625,3523.2395833333335,4830.075520833333,90.83333333333333,3419.578125,4734.026041666667,89.04166666666667,103.66145833333333,96.04947916666667,1.7916666666666667,0.3411458333333333,0.4375,0.16927083333333334,0.22916666666666666,0.22135416666666666,0.2708333333333333,5623.122395833333,7752.151041666667,147.11197916666666,5358.104166666667,7514.309895833333,143.55989583333334,265.0182291666667,237.84114583333334,3.5520833333333335,0.7421875,1.0572916666666667,0.3671875,0.5052083333333334,0.578125,0.6145833333333334,Cluster 2
47,8.05,1,mid,2018.0,0.3295964125560538,1.9237668161434978,5.237668161434978,2066.3026905829597,4.569506726457399,1.336322869955157,6.979820627802691,15.809417040358744,7.484304932735426,0.6165919282511211,0.11883408071748879,0.026905829596412557,0.008968609865470852,0.32286995515695066,0.1681614349775785,0.1547085201793722,0.04932735426008968,0.47694843049327335,0.6881322869955163,,,,,,,,,,,,,,,,,,,,,,,,0.43561643835616437,0.024657534246575342,20544.614349775784,588.4261943946187,0.27233765470852,429.61676210762346,367.73583890410947,19.289237668161434,0.5632825112107623,8.408071748878923,0.23938542600896864,6.86322869955157,43.41917808219178,1.2431169863013705,15228.910313901346,10738.062780269058,314.08379820627806,0.23977463901345294,13559.455156950673,,326.75560538116594,295.86995515695065,30.885650224215247,20.466367713004484,5.109865470852018,9.518978026905833,3541.262331838565,4788.446188340808,90.43946188340807,3391.3497757847535,4702.278026905829,88.08744394618834,149.91255605381167,86.16816143497758,2.3520179372197307,0.45964125560538116,0.4282511210762332,0.19955156950672645,0.21076233183856502,0.2645739910313901,0.34080717488789236,5646.396860986547,7677.948430493274,145.87668161434976,5322.0739910313905,7467.85201793722,141.76233183856502,324.32286995515693,210.09641255605382,4.114349775784754,0.9551569506726457,1.0672645739910314,0.40582959641255606,0.5067264573991032,0.6188340807174888,0.679372197309417,Cluster 2
57,8.06,1,mid,2018.0,0.4584837545126354,2.0974729241877257,5.382671480144404,2059.115523465704,4.140794223826715,1.2779783393501805,6.555956678700361,15.19494584837545,7.386281588447654,0.48375451263537905,0.10469314079422383,0.007220216606498195,0.0,0.2815884476534296,0.13357400722021662,0.148014440433213,0.09386281588447654,0.4584028880866426,0.6663111913357396,,,,,,,,,,,,,,,,,,,,,,,,0.3686274509803922,0.03529411764705882,19768.523465703973,564.6497765342957,0.2693932274368231,403.08677689530674,318.48495764705893,20.0,0.5840252707581227,9.11913357400722,0.25704620938628153,7.317689530685921,44.4,1.2801686274509811,15162.357400722021,10686.151624548736,313.34541191335717,0.23875391696750892,13493.54512635379,,331.3393501805054,300.971119133574,30.36823104693141,20.332129963898918,4.425992779783393,9.655150180505414,3533.104693140794,4815.386281588448,91.38267148014441,3419.1335740072204,4709.548736462094,88.61732851985559,113.971119133574,105.83754512635379,2.765342960288809,0.36823104693140796,0.35379061371841153,0.19133574007220217,0.26353790613718414,0.26714801444043323,0.3285198555956679,5643.296028880866,7667.880866425993,146.75451263537906,5343.259927797834,7459.227436823105,142.5234657039711,300.03610108303246,208.65342960288808,4.231046931407942,0.8339350180505415,0.9494584837545126,0.37906137184115524,0.5234657039711191,0.6425992779783394,0.6678700361010831,Cluster 2
67,8.07,1,mid,2018.0,0.0,2.3333333333333335,5.777777777777778,2010.2222222222222,2.7777777777777777,2.0,6.0,13.777777777777779,6.333333333333333,0.2222222222222222,0.0,0.0,0.0,0.2222222222222222,0.0,0.2222222222222222,0.0,0.4207555555555555,0.6037,,,,,,,,,,,,,,,,,,,,,,,,0.5555555555555556,0.0,15615.777777777777,470.51756666666665,0.24008622222222226,469.19457777777785,389.2202,20.0,0.5955333333333334,6.777777777777778,0.19184444444444443,8.555555555555555,44.0,1.264677777777778,14190.888888888889,9814.222222222223,291.67425555555553,0.23168611111111106,12450.555555555555,,309.1111111111111,275.3333333333333,33.77777777777778,21.444444444444443,4.111111111111111,9.169911111111112,3224.8888888888887,4529.888888888889,84.88888888888889,3383.6666666666665,4657.222222222223,84.88888888888889,-158.77777777777777,-127.33333333333333,0.0,0.0,0.3333333333333333,0.5555555555555556,0.5555555555555556,0.2222222222222222,0.1111111111111111,5217.777777777777,7308.0,138.0,5415.0,7345.111111111111,137.33333333333334,-197.22222222222223,-37.111111111111114,0.6666666666666666,0.3333333333333333,0.7777777777777778,0.7777777777777778,0.8888888888888888,0.7777777777777778,0.5555555555555556,Cluster 1
77,8.08,1,mid,2018.0,0.0,1.44,5.35,1992.68,4.1,1.56,6.84,16.45,8.08,0.42,0.04,0.01,0.0,0.28,0.17,0.11,0.05,0.5136770000000002,0.7539610000000002,,,,,,,,,,,,,,,,,,,,,,,,0.4,0.02,17430.64,522.3056749999998,0.24934911000000007,458.06809799999996,352.77684200000004,20.05,0.6013389999999998,6.36,0.19096199999999988,6.9,39.01,1.1683320000000001,14277.19,9936.56,300.89752500000003,0.22478308999999996,12580.46,,298.01,273.4,24.61,15.82,4.39,8.984231999999999,3508.69,4682.75,86.2,3339.72,4597.71,83.91,168.97,85.04,2.29,0.6,0.5,0.2,0.35,0.32,0.41,5574.21,7470.96,139.59,5207.33,7241.17,134.66,366.88,229.79,4.93,1.07,1.1,0.42,0.59,0.73,0.8,Cluster 0
87,8.09,1,mid,2018.0,0.0,1.0,4.666666666666667,2060.0,5.666666666666667,1.0,7.0,16.666666666666668,9.666666666666666,1.0,0.3333333333333333,0.3333333333333333,0.3333333333333333,0.0,0.0,0.0,0.0,0.49459999999999993,0.7712333333333333,,,,,,,,,,,,,,,,,,,,,,,,0.0,0.3333333333333333,18575.666666666668,542.2486666666667,0.25253366666666666,457.68429999999995,245.9120333333333,16.0,0.47280000000000005,6.333333333333333,0.18296666666666664,5.666666666666667,50.333333333333336,1.4377666666666666,15266.333333333334,10788.0,312.39090000000004,0.23901366666666668,13225.0,,314.3333333333333,274.3333333333333,40.0,21.666666666666668,8.0,9.056066666666666,3645.0,4816.333333333333,89.33333333333333,3156.0,4517.666666666667,82.33333333333333,489.0,298.6666666666667,7.0,1.0,0.6666666666666666,0.0,0.0,0.0,0.3333333333333333,5690.666666666667,7513.666666666667,140.33333333333334,4958.333333333333,6645.0,120.33333333333333,732.3333333333334,868.6666666666666,20.0,1.3333333333333333,2.3333333333333335,0.0,1.0,0.3333333333333333,1.3333333333333333,Cluster 0
97,8.1,1,mid,2018.0,0.0,1.0,5.857142857142857,2064.0,5.571428571428571,3.4285714285714284,6.571428571428571,19.571428571428573,13.428571428571429,0.8571428571428571,0.14285714285714285,0.0,0.0,0.14285714285714285,0.0,0.14285714285714285,0.14285714285714285,0.5770714285714285,0.9562,,,,,,,,,,,,,,,,,,,,,,,,0.42857142857142855,0.0,20177.571428571428,578.6006285714286,0.2705157142857143,467.5474142857143,339.87244285714286,13.142857142857142,0.38452857142857144,4.285714285714286,0.12527142857142856,3.7142857142857144,38.42857142857143,1.1064,14863.714285714286,10377.42857142857,301.89391428571435,0.2261042857142857,13557.142857142857,,296.42857142857144,273.0,23.428571428571427,17.571428571428573,2.4285714285714284,8.571485714285714,3482.1428571428573,4756.857142857143,88.71428571428571,3392.714285714286,4762.285714285715,83.71428571428571,89.42857142857143,-5.428571428571429,5.0,0.5714285714285714,0.14285714285714285,0.42857142857142855,0.5714285714285714,0.14285714285714285,0.42857142857142855,5584.285714285715,7505.714285714285,140.57142857142858,5431.285714285715,7538.428571428572,133.28571428571428,153.0,-32.714285714285715,7.285714285714286,1.1428571428571428,1.0,1.2857142857142858,1.1428571428571428,1.2857142857142858,0.8571428571428571,Cluster 2
107,8.11,1,mid,2018.0,0.0,1.607361963190184,5.315950920245399,1897.9601226993866,4.0552147239263805,1.322085889570552,7.061349693251533,15.273006134969325,7.242331288343558,0.5245398773006135,0.10122699386503067,0.027607361963190184,0.0,0.2883435582822086,0.13190184049079753,0.15644171779141106,0.05828220858895705,0.49612024539877314,0.718205828220859,,,,,,,,,,,,,,,,,,,,,,,,0.3093220338983051,0.00847457627118644,15216.039877300613,476.4341886503062,0.2558940082822087,388.64671717791424,299.72876226993856,16.039877300613497,0.505434662576687,6.662576687116564,0.20632760736196326,6.049079754601227,37.93251533742331,1.1875113496932512,13553.306748466257,9405.89263803681,299.38456595092015,0.22654534049079764,12001.668711656443,,278.20245398773005,255.6564417177914,22.54601226993865,15.803680981595091,3.168711656441718,8.793959815950917,3432.969325153374,4588.021472392638,84.57668711656441,3280.993865030675,4458.984662576687,80.63496932515338,151.9754601226994,129.03680981595093,3.941717791411043,0.4386503067484663,0.549079754601227,0.22699386503067484,0.29141104294478526,0.29141104294478526,0.4171779141104294,5577.239263803681,7344.233128834356,135.9478527607362,5143.757668711656,7041.601226993865,128.98773006134968,433.4815950920245,302.6319018404908,6.960122699386503,1.0429447852760736,1.3190184049079754,0.4754601226993865,0.588957055214724,0.7177914110429447,0.8742331288343558,Cluster 1
117,8.12,1,mid,2018.0,0.0,1.3476394849785407,5.317596566523605,1968.0944206008583,4.386266094420601,1.3690987124463518,7.343347639484978,16.545064377682404,7.914163090128755,0.721030042918455,0.12446351931330472,0.02145922746781116,0.004291845493562232,0.2446351931330472,0.1072961373390558,0.13733905579399142,0.060085836909871244,0.5177678111587982,0.7516223175965665,,,,,,,,,,,,,,,,,,,,,,,,0.38626609442060084,0.02145922746781116,16626.115879828325,500.715234334764,0.2560346231759657,426.2075373390557,337.41392017167385,16.6480686695279,0.5050416309012875,6.858369098712446,0.2061751072961374,6.781115879828326,40.042918454935624,1.2100300429184547,14009.094420600859,9718.57939914163,299.9596828326181,0.22781943347639477,12425.171673819743,,283.81115879828326,261.7639484978541,22.047210300429185,14.88412017167382,3.2703862660944205,8.698153218884118,3415.8369098712446,4502.017167381974,82.52360515021459,3288.8540772532187,4426.935622317596,82.03862660944206,126.98283261802575,75.08154506437768,0.48497854077253216,0.4721030042918455,0.5665236051502146,0.21888412017167383,0.2875536480686695,0.31759656652360513,0.41630901287553645,5479.420600858369,7197.914163090129,132.93562231759657,5180.630901287554,7010.309012875537,131.57081545064378,298.78969957081546,187.60515021459227,1.3648068669527897,0.9828326180257511,1.3090128755364807,0.45493562231759654,0.6223175965665236,0.7553648068669528,0.8540772532188842,Cluster 1
127,8.13,1,mid,2018.0,0.0,1.5626134301270418,5.286751361161524,2029.2413793103449,4.303085299455535,1.442831215970962,6.840290381125227,16.259528130671505,8.049001814882033,0.5662431941923775,0.07985480943738657,0.010889292196007259,0.0018148820326678765,0.2577132486388385,0.12704174228675136,0.1306715063520871,0.06352087114337568,0.5012653357531761,0.7377834845735026,,,,,,,,,,,,,,,,,,,,,,,,0.3917748917748918,0.01948051948051948,17814.59346642468,522.8728190562613,0.2554602038112523,439.3327562613426,339.5622108892924,16.80399274047187,0.4977531760435573,7.399274047186933,0.21402087114337542,6.638838475499092,42.41016333938294,1.2431631578947366,14639.533575317604,10224.28493647913,305.120413067151,0.23598552196007272,13107.136116152451,,311.7949183303085,283.46,28.22323049001815,19.05989110707804,4.660617059891107,9.252157636363634,3444.4990925589836,4684.6860254083485,86.18330308529946,3317.266787658802,4579.814882032668,83.89655172413794,127.23230490018149,104.87114337568057,2.2867513611615244,0.4591651542649728,0.4319419237749546,0.2413793103448276,0.2885662431941924,0.3030852994555354,0.36116152450090744,5528.80943738657,7515.43557168784,139.5825771324864,5208.607985480944,7274.263157894737,135.1470054446461,320.20145190562613,241.17241379310346,4.43557168784029,0.9836660617059891,1.1270417422867514,0.4627949183303085,0.588021778584392,0.7386569872958257,0.7441016333938294,Cluster 0
137,8.14,1,mid,2018.0,0.0,1.4674418604651163,5.3023255813953485,2103.460465116279,4.1465116279069765,1.3651162790697675,6.267441860465116,15.474418604651163,7.681395348837209,0.4930232558139535,0.10232558139534884,0.01627906976744186,0.002325581395348837,0.25116279069767444,0.12790697674418605,0.12325581395348838,0.06511627906976744,0.45960674418604636,0.6767344186046511,,,,,,,,,,,,,,,,,,,,,,,,0.449468085106383,0.026595744680851064,18553.83023255814,524.7442158139532,0.26430279302325566,379.66291418604675,281.7130655813955,17.190697674418605,0.49002000000000007,7.741860465116279,0.21654255813953494,7.395348837209302,43.68372093023256,1.2355806976744177,15004.090697674419,10437.427906976744,300.77793046511624,0.23584290000000008,13440.95581395349,,324.22093023255815,296.4,27.82093023255814,19.3953488372093,4.306976744186047,9.288589534883721,3440.4511627906977,4726.6651162790695,86.77441860465116,3309.274418604651,4586.879069767442,83.72558139534884,131.1767441860465,139.78604651162792,3.0488372093023255,0.4325581395348837,0.4558139534883721,0.2186046511627907,0.2837209302325581,0.26046511627906976,0.3744186046511628,5494.390697674418,7557.976744186047,140.66511627906976,5205.688372093024,7309.932558139535,136.34418604651162,288.70232558139537,248.04418604651164,4.32093023255814,0.8767441860465116,1.041860465116279,0.4604651162790698,0.5581395348837209,0.627906976744186,0.7348837209302326,Cluster 0
147,8.15,1,mid,2018.0,0.21739130434782608,1.7173913043478262,5.154891304347826,2037.7255434782608,4.586956521739131,1.638586956521739,6.567934782608695,16.97826086956522,8.817934782608695,0.5652173913043478,0.08967391304347826,0.005434782608695652,0.002717391304347826,0.2826086956521739,0.15217391304347827,0.13043478260869565,0.08423913043478261,0.515302989130435,0.770229891304348,,,,,,,,,,,,,,,,,,,,,,,,0.42946708463949845,0.03134796238244514,18466.46195652174,537.263839130435,0.2614287451086958,425.08408668478256,314.380676902174,16.480978260869566,0.48307173913043505,7.244565217391305,0.20980815217391302,6.945652173913044,42.35326086956522,1.2340983695652166,14655.054347826086,10222.513586956522,302.8035853260871,0.2338563315217392,13032.703804347826,,307.74184782608694,282.1506849315069,25.679347826086957,17.61141304347826,4.239130434782608,9.091788219178088,3424.0815217391305,4682.899456521739,84.59239130434783,3294.2065217391305,4580.766304347826,82.42934782608695,129.875,102.13315217391305,2.1630434782608696,0.4891304347826087,0.4673913043478261,0.2798913043478261,0.3125,0.296195652173913,0.3967391304347826,5535.282608695652,7505.342391304348,137.6875,5183.755434782609,7260.353260869565,133.1576086956522,351.5271739130435,244.9891304347826,4.529891304347826,1.111413043478261,1.1195652173913044,0.532608695652174,0.6413043478260869,0.7119565217391305,0.842391304347826,Cluster 0
157,8.16,1,mid,2018.12927756654,0.6615969581749049,2.4372623574144487,5.300380228136882,2033.2509505703422,4.110266159695818,1.5285171102661597,6.7072243346007605,15.866920152091256,7.992395437262357,0.5095057034220533,0.08365019011406843,0.0038022813688212928,0.0038022813688212928,0.20152091254752852,0.09125475285171103,0.11026615969581749,0.10646387832699619,0.48079163498098865,0.7125992395437263,,,,,,,,,,,,,,,,,,,,,,,,0.44933920704845814,0.03524229074889868,18147.35741444867,531.8529220532322,0.2571033231939162,403.25510418250957,318.49363384030437,16.452471482889734,0.4824045627376427,7.08745247148289,0.206109885931559,6.984790874524715,41.30038022813688,1.2100220532319383,14500.471482889734,10077.011406844107,297.92680494296604,0.23707098859315592,12953.494296577946,,312.15209125475286,284.36501901140684,27.787072243346007,19.547528517110266,3.817490494296578,9.197771102661592,3362.174904942966,4645.072243346008,84.67300380228137,3325.7566539923955,4619.593155893536,84.18631178707224,36.41825095057034,25.479087452471482,0.4866920152091255,0.35361216730038025,0.41825095057034223,0.26996197718631176,0.2889733840304182,0.2623574144486692,0.29277566539923955,5366.281368821293,7429.7984790874525,138.12167300380227,5228.304182509506,7271.300380228137,135.0912547528517,137.97718631178708,158.49809885931558,3.03041825095057,0.7338403041825095,0.9771863117870723,0.5703422053231939,0.6539923954372624,0.6806083650190115,0.6692015209125475,Cluster 0
167,8.17,1,mid,2018.1596638655462,0.19327731092436976,1.7647058823529411,5.142857142857143,2029.2436974789916,3.8739495798319328,1.495798319327731,6.957983193277311,15.672268907563025,7.991596638655462,0.6050420168067226,0.10084033613445378,0.008403361344537815,0.0,0.23529411764705882,0.13445378151260504,0.10084033613445378,0.04201680672268908,0.4784554621848738,0.7102218487394955,,,,,,,,,,,,,,,,,,,,,,,,0.3949579831932773,0.01680672268907563,18142.51260504202,528.2214226890758,0.25645087394957977,453.56214957983207,341.2308344537816,16.45378151260504,0.48682941176470584,7.0588235294117645,0.20215798319327738,6.722689075630252,41.9327731092437,1.219036134453781,14459.52100840336,10044.252100840336,298.8393420168066,0.23508914285714277,12889.53781512605,,312.52100840336135,288.30252100840335,24.218487394957982,16.857142857142858,3.680672268907563,9.260057142857143,3393.176470588235,4683.924369747899,85.92436974789916,3341.8067226890757,4663.941176470588,86.60504201680672,51.36974789915966,19.983193277310924,-0.680672268907563,0.36134453781512604,0.3277310924369748,0.21008403361344538,0.21008403361344538,0.24369747899159663,0.25210084033613445,5447.403361344538,7465.117647058823,139.61344537815125,5221.27731092437,7329.0672268907565,138.16806722689077,226.12605042016807,136.05042016806723,1.4453781512605042,0.7478991596638656,1.0084033613445378,0.4117647058823529,0.5210084033613446,0.5546218487394958,0.6134453781512605,Cluster 0
177,8.19,1,mid,2018.0,0.0,1.5294117647058822,5.142857142857143,1931.3025210084033,4.033613445378151,1.4621848739495797,6.899159663865547,15.92436974789916,7.201680672268908,0.5294117647058824,0.06722689075630252,0.008403361344537815,0.0,0.31932773109243695,0.19327731092436976,0.12605042016806722,0.06722689075630252,0.5085865546218488,0.7255747899159662,,,,,,,,,,,,,,,,,,,,,,,,0.23529411764705882,0.01680672268907563,15612.033613445377,482.03837226890755,0.2425074117647058,468.74322268907565,398.58683697478995,14.781512605042018,0.4552991596638656,7.798319327731092,0.23717647058823535,7.168067226890757,39.36134453781513,1.2057563025210083,13678.90756302521,9463.420168067227,296.92169075630255,0.22893479831932775,12146.394957983193,,291.0840336134454,270.52100840336135,20.563025210084035,14.647058823529411,2.9327731092436973,9.087142857142858,3407.747899159664,4692.008403361345,84.78991596638656,3251.7731092436975,4524.5210084033615,80.97478991596638,155.9747899159664,167.48739495798318,3.8151260504201683,0.47058823529411764,0.44537815126050423,0.16806722689075632,0.2857142857142857,0.29411764705882354,0.47058823529411764,5453.621848739495,7556.9327731092435,138.53781512605042,5113.016806722689,7208.773109243697,132.41176470588235,340.60504201680675,348.15966386554624,6.126050420168068,1.0168067226890756,1.0336134453781514,0.4117647058823529,0.5966386554621849,0.680672268907563,0.9327731092436975,Cluster 1
187,8.2,1,mid,2018.0,0.0,1.0,6.0,1945.9,4.7,1.65,6.6,16.65,8.85,0.7,0.1,0.0,0.0,0.15,0.05,0.1,0.15,0.522505,0.78935,,,,,,,,,,,,,,,,,,,,,,,,0.35,0.0,17209.8,544.3357800000001,0.27563924999999995,467.575905,302.14964999999995,14.45,0.44032,6.25,0.18622999999999995,4.7,38.25,1.1621350000000001,14526.2,10281.05,317.38674499999996,0.23978004999999997,12628.55,,310.9,290.2,20.7,14.7,3.05,9.61671,3380.85,4785.4,88.3,3411.8,4636.15,83.6,-30.95,149.25,4.7,0.25,0.2,0.25,0.55,0.15,0.3,5585.3,7773.5,143.55,5276.65,7262.85,136.45,308.65,510.65,7.1,0.9,1.45,0.35,0.7,0.4,0.65,Cluster 0
197,8.21,1,mid,2018.0,0.0,1.0,5.291666666666667,2007.5833333333333,4.208333333333333,1.75,5.833333333333333,16.666666666666668,8.916666666666666,0.375,0.125,0.041666666666666664,0.041666666666666664,0.16666666666666666,0.125,0.041666666666666664,0.041666666666666664,0.5102375,0.7615041666666666,,,,,,,,,,,,,,,,,,,,,,,,0.20833333333333334,0.041666666666666664,17530.166666666668,519.6442458333332,0.2546264708333333,481.68967916666674,386.82845,14.333333333333334,0.4304583333333332,6.75,0.20152916666666665,5.416666666666667,36.958333333333336,1.1166041666666666,14595.875,10224.791666666666,308.9621541666667,0.23445033333333334,12841.75,,318.5416666666667,298.25,20.291666666666668,13.083333333333334,3.4583333333333335,9.526591666666667,3432.4583333333335,4672.625,86.91666666666667,3321.625,4617.375,84.54166666666667,110.83333333333333,55.25,2.375,0.4166666666666667,0.375,0.25,0.20833333333333334,0.3333333333333333,0.3333333333333333,5448.875,7440.25,138.875,5172.041666666667,7210.458333333333,135.20833333333334,276.8333333333333,229.79166666666666,3.6666666666666665,0.9583333333333334,0.8333333333333334,0.5833333333333334,0.4166666666666667,0.9583333333333334,0.9166666666666666,Cluster 0
207,8.22,1,mid,2018.0,0.0,1.459016393442623,5.295081967213115,1896.311475409836,5.0,2.442622950819672,7.360655737704918,20.491803278688526,12.245901639344263,0.5573770491803278,0.04918032786885246,0.0,0.0,0.29508196721311475,0.18032786885245902,0.11475409836065574,0.06557377049180328,0.6641999999999997,1.0455229508196722,,,,,,,,,,,,,,,,,,,,,,,,0.29508196721311475,0.01639344262295082,18061.16393442623,573.544757377049,0.24706542950819668,548.3483344262296,427.2480852459016,15.229508196721312,0.4790426229508195,7.114754098360656,0.2213262295081966,7.229508196721311,39.75409836065574,1.2415016393442626,13599.540983606557,9455.459016393443,300.0823180327869,0.22645132786885247,12170.409836065573,,267.08196721311475,249.50819672131146,17.57377049180328,11.344262295081966,3.2131147540983607,8.453822950819669,3377.6393442622953,4571.88524590164,79.90163934426229,3238.7704918032787,4492.065573770492,78.0327868852459,138.86885245901638,79.81967213114754,1.8688524590163935,0.6065573770491803,0.4918032786885246,0.3442622950819672,0.39344262295081966,0.47540983606557374,0.5409836065573771,5439.852459016393,7281.229508196721,128.8360655737705,5119.491803278688,7107.606557377049,125.22950819672131,320.3606557377049,173.62295081967213,3.6065573770491803,1.2295081967213115,1.2131147540983607,0.7540983606557377,0.819672131147541,1.0819672131147542,1.0655737704918034,Cluster 0
217,8.23,1,mid,2018.475,0.2,2.025,6.125,1892.125,5.9,2.15,7.575,21.35,11.85,0.6,0.125,0.0,0.0,0.3,0.175,0.125,0.125,0.692775,1.0524600000000002,,,,,,,,,,,,,,,,,,,,,,,,0.35,0.05,18534.075,583.2415225,0.26255629999999996,534.5340774999999,404.6156000000001,16.2,0.5113100000000002,6.4,0.1935325,6.725,35.55,1.1007075,13716.825,9581.2,307.0166275,0.22648105,12185.9,,258.35,235.15,23.2,14.25,4.775,8.338360000000002,3536.525,4625.1,82.0,3266.2,4434.85,76.675,270.325,190.25,5.325,0.8,0.8,0.375,0.575,0.35,0.675,5841.5,7421.05,130.7,5225.9,6921.875,121.175,615.6,499.175,9.525,1.875,1.975,0.75,1.275,0.775,1.375,Cluster 0
227,8.24,1,mid,2018.351851851852,0.25925925925925924,2.1296296296296298,5.222222222222222,1919.6666666666667,3.6666666666666665,1.5925925925925926,7.351851851851852,16.75925925925926,7.611111111111111,0.5925925925925926,0.07407407407407407,0.018518518518518517,0.0,0.2777777777777778,0.09259259259259259,0.18518518518518517,0.05555555555555555,0.5375907407407408,0.769598148148148,,,,,,,,,,,,,,,,,,,,,,,,0.3333333333333333,0.0,15546.481481481482,492.93786296296315,0.24667148148148146,478.15864259259257,450.3452648148148,14.12962962962963,0.43816481481481484,6.314814814814815,0.18887777777777776,6.0,34.53703703703704,1.0610648148148147,13458.148148148148,9266.37037037037,292.0021407407407,0.22260825925925917,11923.296296296296,,280.3333333333333,259.462962962963,20.87037037037037,13.333333333333334,4.0,8.812077777777779,3480.962962962963,4763.074074074074,88.46296296296296,3316.277777777778,4707.592592592592,85.37037037037037,164.6851851851852,55.48148148148148,3.0925925925925926,0.35185185185185186,0.5,0.2222222222222222,0.18518518518518517,0.2777777777777778,0.3333333333333333,5611.166666666667,7637.740740740741,140.46296296296296,5243.685185185185,7457.185185185185,134.92592592592592,367.48148148148147,180.55555555555554,5.537037037037037,0.9259259259259259,1.2777777777777777,0.48148148148148145,0.6481481481481481,0.6851851851851852,0.6851851851851852,Cluster 1
237,9.01,1,mid,2019.0,0.0,1.4080188679245282,5.3325471698113205,1935.9646226415093,3.8891509433962264,1.445754716981132,7.28066037735849,16.72641509433962,7.606132075471698,0.5448113207547169,0.08726415094339622,0.007075471698113208,0.0,0.23820754716981132,0.12264150943396226,0.11556603773584906,0.08490566037735849,0.5306709905660377,0.7597622641509434,,,,,,,,,,,,,,,,,,,,,,,,0.3037974683544304,0.006329113924050633,16230.021226415094,499.5965688679246,0.25323993042452847,471.51167476415094,439.5825330188678,15.03066037735849,0.46293372641509484,7.580188679245283,0.23146485849056608,7.035377358490566,36.742924528301884,1.1296264150943405,13507.48820754717,9282.528301886792,289.31947334905664,0.22158341745283028,12220.096698113208,,278.29245283018867,256.95283018867923,21.339622641509433,14.566037735849056,3.55188679245283,8.6623891509434,3457.2617924528304,4735.990566037736,86.89386792452831,3350.8985849056603,4644.379716981132,85.09905660377359,106.36320754716981,91.61084905660377,1.794811320754717,0.4033018867924528,0.4716981132075472,0.25471698113207547,0.27122641509433965,0.2806603773584906,0.3490566037735849,5567.76179245283,7590.582547169812,139.81367924528303,5272.200471698113,7357.485849056604,136.02830188679246,295.561320754717,233.09669811320754,3.785377358490566,0.8773584905660378,1.2476415094339623,0.49764150943396224,0.6061320754716981,0.6863207547169812,0.7429245283018868,Cluster 1
247,9.02,1,mid,2019.0,0.0,1.317548746518106,5.203342618384401,2035.5515320334262,4.203342618384401,1.6100278551532032,7.069637883008356,16.545961002785514,8.231197771587743,0.5738161559888579,0.08356545961002786,0.005571030640668524,0.0,0.2479108635097493,0.11420612813370473,0.13370473537604458,0.06406685236768803,0.5052777158774372,0.7427050139275768,,,,,,,,,,,,,,,,,,,,,,,,0.36531365313653136,0.014760147601476014,18167.557103064068,535.0829991643453,0.265756304735376,440.7052540389972,372.14379387186636,14.988857938718663,0.4424331476323125,7.894150417827298,0.22835598885793876,6.871866295264624,37.98328690807799,1.1085203342618384,14252.58495821727,9824.473537604457,292.86787910863524,0.22399922005571032,13045.512534818941,,292.37883008356545,268.8440111420613,23.534818941504177,16.036211699164344,4.0584958217270195,8.683857938718665,3470.1281337047353,4717.047353760446,88.1058495821727,3345.4958217270196,4646.016713091922,85.2284122562674,124.63231197771587,71.03064066852367,2.8774373259052926,0.36768802228412256,0.43454038997214484,0.18662952646239556,0.25069637883008355,0.2562674094707521,0.3231197771587744,5606.799442896936,7505.119777158774,140.22284122562675,5265.651810584958,7307.944289693593,135.05292479108635,341.1476323119777,197.17548746518105,5.16991643454039,0.9331476323119777,1.0974930362116992,0.4818941504178273,0.6239554317548747,0.7019498607242339,0.7075208913649025,Cluster 0
257,9.03,1,mid,2019.0,0.0,1.2936708860759494,5.425316455696202,2010.5772151898734,4.1367088607594935,1.2759493670886075,6.741772151898735,16.083544303797467,7.554430379746836,0.49873417721518987,0.0810126582278481,0.010126582278481013,0.0,0.25063291139240507,0.13164556962025317,0.1189873417721519,0.060759493670886074,0.49787088607594876,0.7174607594936706,,,,,,,,,,,,,,,,,,,,,,,,0.36455696202531646,0.027848101265822784,18561.18734177215,552.4974640506326,0.2807016508860762,408.40601240506345,313.5565658227849,15.769620253164558,0.46946177215189877,8.172151898734176,0.24131113924050643,6.8354430379746836,38.69620253164557,1.149098734177216,14211.66075949367,9834.47341772152,295.9504835443038,0.23244786075949359,12900.243037974684,,293.7721518987342,269.5215189873418,24.250632911392405,16.518987341772153,4.113924050632911,8.811045063291134,3474.0506329113923,4716.151898734177,87.56455696202532,3342.5949367088606,4617.384810126582,84.926582278481,131.45569620253164,98.76708860759494,2.6379746835443036,0.4050632911392405,0.379746835443038,0.2,0.2430379746835443,0.22784810126582278,0.31645569620253167,5606.832911392405,7503.782278481012,140.24556962025318,5229.562025316456,7283.164556962025,135.09620253164556,377.27088607594936,220.61772151898734,5.149367088607595,0.9443037974683545,1.0151898734177216,0.3949367088607595,0.5164556962025316,0.6151898734177215,0.7341772151898734,Cluster 0
267,9.04,1,mid,2019.0,0.0,1.37,5.4,1974.85,4.29,1.38,6.535,16.4125,8.0575,0.5825,0.1025,0.01,0.0025,0.2525,0.12,0.1325,0.05,0.5159319999999998,0.7548697499999997,,,,,,,,,,,,,,,,,,,,,,,,0.3617021276595745,0.0425531914893617,17487.9275,531.5094745000005,0.2711919350000003,435.3301117499996,333.13788675,14.715,0.4470375000000007,7.725,0.2286247499999998,6.61,37.155,1.1190787500000001,14134.7275,9830.4275,300.85752399999996,0.23272673249999987,12863.655,,291.7525,267.33,24.4225,16.275,4.275,8.9019825,3473.1975,4670.815,87.1725,3348.64,4623.1325,85.7775,124.5575,47.6825,1.395,0.3875,0.4175,0.19,0.2325,0.27,0.3225,5606.318295739348,7488.49373433584,140.46365914786966,5282.8446115288225,7316.776942355889,137.21303258145363,323.4736842105263,171.71679197994987,3.2506265664160403,0.8295739348370927,1.0701754385964912,0.40350877192982454,0.531328320802005,0.6691729323308271,0.6917293233082706,Cluster 0
277,9.05,1,mid,2019.0,0.15682656826568267,1.6143911439114391,5.2011070110701105,1936.5664206642066,4.357933579335794,1.5590405904059041,7.132841328413284,17.48339483394834,8.592250922509225,0.6217712177121771,0.11439114391143912,0.02952029520295203,0.0036900369003690036,0.24538745387453875,0.13837638376383765,0.1070110701107011,0.04981549815498155,0.5601367158671586,0.8174750922509226,,,,,,,,,,,,,,,,,,,,,,,,0.38817480719794345,0.017994858611825194,17161.933579335793,529.9701289667896,0.26772603690036917,443.33663819188183,350.3879876383765,14.34870848708487,0.44342546125461263,7.6512915129151295,0.23343228782287823,6.422509225092251,35.44649446494465,1.0906455719557215,13777.822878228782,9551.634686346864,298.4397398523989,0.22927930811808114,12526.601476014761,,281.7952029520295,261.06638115631694,23.108856088560884,15.81549815498155,4.047970479704797,8.834802783725914,3517.481549815498,4740.132841328414,88.11254612546125,3344.0645756457566,4604.725092250923,84.73431734317343,173.4169741697417,135.40774907749076,3.378228782287823,0.44280442804428044,0.488929889298893,0.2047970479704797,0.2564575645756458,0.2859778597785978,0.4022140221402214,5685.066420664207,7543.682656826568,140.94280442804427,5286.662361623617,7283.110701107011,135.19372693726936,398.4040590405904,260.5719557195572,5.749077490774908,0.9704797047970479,1.1974169741697418,0.45571955719557194,0.6162361623616236,0.6918819188191881,0.8154981549815498,Cluster 0
287,9.06,1,mid,2019.0,0.6770833333333334,2.2916666666666665,5.486111111111111,1978.8715277777778,4.111111111111111,1.5729166666666667,6.826388888888889,16.666666666666668,8.614583333333334,0.4895833333333333,0.07291666666666667,0.013888888888888888,0.006944444444444444,0.2569444444444444,0.1284722222222222,0.1284722222222222,0.04513888888888889,0.5203611111111107,0.7739534722222223,,,,,,,,,,,,,,,,,,,,,,,,0.3090277777777778,0.03125,17051.621527777777,516.5900322916667,0.26093552430555567,461.3650809027779,361.8229642361111,15.385416666666666,0.46642881944444436,7.753472222222222,0.23137083333333341,6.777777777777778,36.81944444444444,1.1108826388888886,13937.5625,9625.059027777777,293.62353055555536,0.22766363541666668,12726.416666666666,,289.6666666666667,266.90972222222223,22.756944444444443,15.92013888888889,3.3784722222222223,8.798494444444442,3470.3229166666665,4707.864583333333,88.29861111111111,3353.3888888888887,4672.0,86.77083333333333,116.93402777777777,35.864583333333336,1.5277777777777777,0.4097222222222222,0.4375,0.16319444444444445,0.2326388888888889,0.2777777777777778,0.3020833333333333,5601.788194444444,7542.184027777777,141.39930555555554,5256.34375,7352.527777777777,137.51736111111111,345.44444444444446,189.65625,3.8819444444444446,0.9548611111111112,1.1319444444444444,0.3923611111111111,0.5243055555555556,0.7326388888888888,0.7534722222222222,Cluster 0
297,9.07,1,mid,2019.0,0.05429864253393665,1.760180995475113,5.484162895927602,1846.027149321267,4.737556561085973,1.579185520361991,7.013574660633484,18.58823529411765,9.02262443438914,0.6606334841628959,0.12669683257918551,0.013574660633484163,0.004524886877828055,0.25339366515837103,0.13122171945701358,0.12217194570135746,0.06334841628959276,0.6233823529411766,0.9117054298642543,,,,,,,,,,,,,,,,,,,,,,,,0.41904761904761906,0.01904761904761905,16532.511312217193,536.295039366516,0.25967074751131214,480.91786018099555,374.2658411764705,13.48868778280543,0.43686153846153847,6.900452488687783,0.22066063348416293,5.389140271493213,33.21266968325792,1.0669597285067873,13284.276018099548,9242.76923076923,302.54126108597296,0.22791438461538452,11965.108597285069,,266.1085972850679,242.4909090909091,23.647058823529413,15.60180995475113,3.9457013574660635,8.66857818181818,3517.3755656108597,4719.280542986426,86.53393665158372,3338.131221719457,4578.751131221719,83.99095022624434,179.2443438914027,140.52941176470588,2.5429864253393664,0.5294117647058824,0.47058823529411764,0.2850678733031674,0.334841628959276,0.2669683257918552,0.4434389140271493,5740.841628959276,7558.796380090498,138.84615384615384,5272.9276018099545,7226.16742081448,133.45701357466064,467.91402714932127,332.6289592760181,5.389140271493213,1.2217194570135748,1.3076923076923077,0.5294117647058824,0.6877828054298643,0.7375565610859729,0.918552036199095,Cluster 1
307,9.08,1,mid,2019.0,0.3387096774193548,1.8629032258064515,5.379032258064516,1840.5403225806451,4.911290322580645,1.4919354838709677,7.338709677419355,18.927419354838708,8.846774193548388,0.7419354838709677,0.16129032258064516,0.016129032258064516,0.008064516129032258,0.18548387096774194,0.04032258064516129,0.14516129032258066,0.03225806451612903,0.6304322580645161,0.9138846774193546,,,,,,,,,,,,,,,,,,,,,,,,0.32941176470588235,0.011764705882352941,16410.370967741936,531.7906701612903,0.25893846774193546,481.02498467741924,409.14193145161295,13.806451612903226,0.4484411290322581,6.475806451612903,0.20784838709677417,5.67741935483871,32.28225806451613,1.042087903225806,13445.758064516129,9415.443548387097,307.4548314516129,0.22700974193548398,11991.395161290322,,268.0806451612903,246.86290322580646,21.217741935483872,13.943548387096774,3.8951612903225805,8.739592741935482,3440.6693548387098,4648.419354838709,83.95967741935483,3300.1774193548385,4548.5,83.58870967741936,140.49193548387098,99.91935483870968,0.3709677419354839,0.4596774193548387,0.6935483870967742,0.21774193548387097,0.25806451612903225,0.33064516129032256,0.3709677419354839,5679.556451612903,7462.790322580645,136.3548387096774,5222.0161290322585,7180.9838709677415,132.86290322580646,457.5403225806452,281.80645161290323,3.4919354838709675,1.1693548387096775,1.4758064516129032,0.5241935483870968,0.6854838709677419,0.8064516129032258,0.8387096774193549,Cluster 1
317,9.09,1,mid,2019.0,0.0,1.0,3.0,1893.0,5.75,1.75,5.75,19.75,10.0,1.0,0.25,0.0,0.0,0.75,0.0,0.75,0.25,0.63285,0.93455,,,,,,,,,,,,,,,,,,,,,,,,0.0,0.0,14524.75,448.751575,0.22376800000000002,469.151675,403.35957499999995,13.0,0.41965,3.5,0.11047499999999999,4.75,29.5,0.9583249999999999,13105.5,8968.0,285.222225,0.21762775,11050.0,,238.0,227.0,11.0,9.0,1.5,7.628025,3123.5,4558.0,76.25,3140.75,4452.5,75.25,-17.25,105.5,1.0,0.0,1.25,0.25,0.25,0.0,0.75,4907.0,6994.25,120.25,5145.5,7255.5,122.0,-238.5,-261.25,-1.75,0.75,1.5,0.75,0.75,0.75,1.0,Cluster 1
327,9.1,1,mid,2019.0,0.0,1.0,4.829787234042553,1908.468085106383,3.765957446808511,2.021276595744681,7.638297872340425,18.23404255319149,9.191489361702128,0.40425531914893614,0.10638297872340426,0.02127659574468085,0.0,0.23404255319148937,0.14893617021276595,0.0851063829787234,0.0851063829787234,0.5855829787234043,0.8683851063829786,,,,,,,,,,,,,,,,,,,,,,,,0.40425531914893614,0.0425531914893617,14757.234042553191,465.1960234042554,0.23583104255319148,539.6682468085105,439.66753191489363,14.851063829787234,0.4707574468085106,5.680851063829787,0.1737468085106383,7.0,33.12765957446808,1.0373978723404256,13264.468085106382,9095.574468085106,287.84108510638293,0.22275491489361698,12094.021276595744,,264.21276595744683,242.51063829787233,21.70212765957447,14.680851063829786,3.702127659574468,8.324014893617019,3378.978723404255,4624.36170212766,82.51063829787235,3269.851063829787,4495.212765957447,81.91489361702128,109.12765957446808,129.14893617021278,0.5957446808510638,0.3829787234042553,0.574468085106383,0.2553191489361702,0.2765957446808511,0.2978723404255319,0.3829787234042553,5572.276595744681,7357.914893617021,132.72340425531914,5198.297872340426,7141.04255319149,131.17021276595744,373.97872340425533,216.87234042553192,1.553191489361702,1.0,1.4680851063829787,0.6170212765957447,0.5957446808510638,0.8297872340425532,0.8085106382978723,Cluster 1
337,9.11,1,mid,2019.0,0.0,1.4543478260869565,5.130434782608695,1959.0282608695652,3.9326086956521737,1.5456521739130435,6.928260869565217,16.904347826086955,8.241304347826087,0.5130434782608696,0.07391304347826087,0.010869565217391304,0.002173913043478261,0.22608695652173913,0.10434782608695652,0.12173913043478261,0.06739130434782609,0.5318163043478258,0.7784841304347822,,,,,,,,,,,,,,,,,,,,,,,,0.2902097902097902,0.017482517482517484,15145.108695652174,461.2560634782614,0.24207578239130428,462.1706065217392,402.4302797826089,15.16304347826087,0.46322608695652145,7.223913043478261,0.21788826086956511,6.434782608695652,35.92173913043478,1.0931260869565222,13609.269565217392,9337.252173913044,287.73324086956507,0.22303694565217377,12321.971739130435,,276.7,252.27173913043478,24.428260869565218,16.245652173913044,3.9695652173913043,8.517807826086955,3434.9695652173914,4698.241304347826,85.93695652173913,3336.782608695652,4610.502173913043,84.70217391304348,98.18695652173913,87.73913043478261,1.2347826086956522,0.39565217391304347,0.4043478260869565,0.22826086956521738,0.2782608695652174,0.28043478260869564,0.3456521739130435,5546.269565217392,7461.167391304348,137.2413043478261,5265.3,7248.554347826087,134.26304347826087,280.9695652173913,212.61304347826086,2.9782608695652173,0.9217391304347826,1.1652173913043478,0.5130434782608696,0.6391304347826087,0.7847826086956522,0.782608695652174,Cluster 1
347,9.12,1,mid,2019.0,0.0,1.319526627218935,5.174556213017752,1981.0147928994083,4.079881656804734,1.5,6.233727810650888,16.109467455621303,7.961538461538462,0.5710059171597633,0.10059171597633136,0.014792899408284023,0.0029585798816568047,0.21301775147928995,0.09467455621301775,0.11834319526627218,0.09171597633136094,0.5037346153846156,0.7395449704142012,,,,,,,,,,,,,,,,,,,,,,,,0.39644970414201186,0.005917159763313609,16117.215976331361,484.008780177515,0.25178717130177525,457.89461804733713,331.4292476331363,16.162721893491124,0.48972100591715984,8.689349112426035,0.2603781065088756,6.982248520710059,39.02958579881657,1.1732121301775136,13977.733727810652,9660.85798816568,294.51969349112437,0.2297563461538462,12696.31952662722,,285.66272189349115,261.28402366863907,24.37869822485207,16.292899408284022,4.017751479289941,8.68588846153846,3435.3639053254437,4693.62426035503,86.88461538461539,3364.5295857988167,4621.091715976331,85.40236686390533,70.83431952662721,72.53254437869822,1.482248520710059,0.35502958579881655,0.3905325443786982,0.2781065088757396,0.3343195266272189,0.3106508875739645,0.3224852071005917,5586.349112426035,7494.174556213018,139.0059171597633,5262.414201183432,7249.869822485207,134.53550295857988,323.93491124260356,244.30473372781066,4.470414201183432,0.9053254437869822,1.1124260355029585,0.48520710059171596,0.636094674556213,0.7840236686390533,0.7544378698224852,Cluster 1
357,9.13,1,mid,2019.0,0.0,1.4304461942257218,5.44750656167979,1908.7152230971128,4.343832020997375,1.594488188976378,6.631233595800525,17.595800524934383,8.553805774278215,0.5879265091863517,0.0984251968503937,0.015748031496062992,0.003937007874015748,0.25984251968503935,0.1194225721784777,0.14041994750656167,0.05511811023622047,0.5715085301837274,0.8346758530183734,,,,,,,,,,,,,,,,,,,,,,,,0.34593572778827975,0.01890359168241966,16603.083989501312,517.3130908136488,0.25358549790026236,479.67965144356924,340.057005774278,14.813648293963254,0.4626220472440946,7.791338582677166,0.23939015748031503,6.194225721784777,36.44094488188976,1.1303573490813654,13576.557742782152,9407.17847769029,296.8558236220471,0.2275676062992127,12253.72440944882,,271.8923884514436,246.6994750656168,25.19291338582677,15.961942257217848,4.565616797900263,8.563690551181097,3481.4081364829394,4681.422572178478,85.5485564304462,3311.505249343832,4561.233595800525,82.83989501312335,169.9028871391076,120.18897637795276,2.7086614173228347,0.5013123359580053,0.494750656167979,0.2204724409448819,0.27296587926509186,0.2755905511811024,0.4094488188976378,5631.293963254593,7441.925196850394,135.86482939632546,5221.116797900262,7156.206036745407,131.23097112860893,410.1771653543307,285.7191601049869,4.633858267716535,1.1181102362204725,1.246719160104987,0.5065616797900262,0.6456692913385826,0.7440944881889764,0.8963254593175853,Cluster 1
367,9.14,1,mid,2019.0,0.037037037037037035,1.5008818342151675,5.35978835978836,1906.1763668430335,4.652557319223986,1.7037037037037037,6.696649029982363,18.08641975308642,9.141093474426809,0.6119929453262787,0.12169312169312169,0.021164021164021163,0.0,0.27336860670194,0.13756613756613756,0.13580246913580246,0.07407407407407407,0.5902500881834215,0.8715278659611996,,,,,,,,,,,,,,,,,,,,,,,,0.35294117647058826,0.03324808184143223,17049.186948853614,535.9921340388006,0.2549652580246914,494.69282768959476,339.54754056437355,14.825396825396826,0.46463033509700186,7.8165784832451495,0.23947848324515,6.132275132275132,36.01058201058201,1.1208017636684315,13736.703703703704,9572.495590828925,303.8301663139329,0.2300357611992945,12444.292768959436,,272.10934744268076,246.91181657848324,25.19753086419753,16.664902998236332,4.114638447971782,8.58489523809525,3489.1746031746034,4653.20987654321,85.01587301587301,3385.488536155203,4583.7425044091715,83.08818342151676,103.68606701940035,69.4673721340388,1.927689594356261,0.5061728395061729,0.5485008818342152,0.30335097001763667,0.3880070546737213,0.3315696649029982,0.4144620811287478,5700.876543209876,7432.395061728395,135.91887125220458,5331.5661375661375,7174.165784832451,131.80776014109347,369.310405643739,258.22927689594354,4.111111111111111,1.18342151675485,1.289241622574956,0.5943562610229277,0.8201058201058201,0.800705467372134,0.8818342151675485,Cluster 0
377,9.15,1,mid,2019.0,0.2916666666666667,1.9404761904761905,5.369047619047619,1890.9325396825398,4.773809523809524,1.7956349206349207,6.871031746031746,18.5515873015873,9.09920634920635,0.628968253968254,0.12896825396825398,0.01984126984126984,0.001984126984126984,0.23412698412698413,0.14682539682539683,0.0873015873015873,0.06547619047619048,0.6082176587301587,0.8929525793650794,,,,,,,,,,,,,,,,,,,,,,,,0.32646048109965636,0.01718213058419244,16952.19246031746,537.7231875000002,0.25479249603174603,510.1748718253969,356.69712658730134,14.353174603174603,0.4529906746031743,8.156746031746032,0.2546263888888889,6.099206349206349,36.557539682539684,1.1485781746031742,13639.035714285714,9505.948412698413,303.44305734126993,0.2278613035714286,12390.28373015873,,268.12301587301585,242.8829365079365,25.240079365079364,16.44047619047619,4.363095238095238,8.522541071428572,3509.5119047619046,4649.263888888889,84.38095238095238,3370.902777777778,4581.4047619047615,82.78571428571429,138.609126984127,67.85912698412699,1.5952380952380953,0.628968253968254,0.5496031746031746,0.3194444444444444,0.42857142857142855,0.3353174603174603,0.4583333333333333,5701.123015873016,7413.414682539683,134.890873015873,5330.347222222223,7173.837301587301,131.48015873015873,370.7757936507937,239.57738095238096,3.4107142857142856,1.3055555555555556,1.3571428571428572,0.6011904761904762,0.8551587301587301,0.7678571428571429,0.9186507936507936,Cluster 0
387,9.16,1,mid,2019.0677083333333,0.5234375,2.1744791666666665,5.575520833333333,1910.8567708333333,4.395833333333333,1.7526041666666667,7.184895833333333,18.510416666666668,8.901041666666666,0.5442708333333334,0.09635416666666667,0.013020833333333334,0.0,0.2421875,0.08854166666666667,0.15364583333333334,0.07552083333333333,0.5970161458333333,0.8699072916666676,,,,,,,,,,,,,,,,,,,,,,,,0.33480176211453744,0.013215859030837005,16098.713541666666,503.81090390624996,0.24165971249999987,517.9335695312501,373.8754557291671,14.729166666666666,0.46135468750000025,7.919270833333333,0.24281770833333335,6.333333333333333,36.018229166666664,1.1196942708333337,13511.151041666666,9337.427083333334,295.1095859375001,0.22248851562499994,12260.377604166666,,268.2890625,245.2421875,23.046875,15.203125,3.9192708333333335,8.469489322916665,3475.2213541666665,4675.536458333333,84.90364583333333,3368.0338541666665,4596.3984375,83.578125,107.1875,79.13802083333333,1.3255208333333333,0.5286458333333334,0.5807291666666666,0.3020833333333333,0.3645833333333333,0.3359375,0.4348958333333333,5612.651041666667,7417.9921875,135.2578125,5302.684895833333,7196.736979166667,132.2109375,309.9661458333333,221.25520833333334,3.046875,1.140625,1.4557291666666667,0.5885416666666666,0.7734375,0.7994791666666666,0.9661458333333334,Cluster 1
397,9.17,1,mid,2019.0,0.06756756756756757,1.4324324324324325,4.6891891891891895,1965.554054054054,4.702702702702703,1.5810810810810811,7.324324324324325,18.716216216216218,8.756756756756756,0.5405405405405406,0.0945945945945946,0.0,0.0,0.12162162162162163,0.06756756756756757,0.05405405405405406,0.08108108108108109,0.585927027027027,0.8469445945945946,,,,,,,,,,,,,,,,,,,,,,,,0.35135135135135137,0.02702702702702703,16864.716216216217,516.2249229729731,0.25790262297297295,458.7459135135134,320.01785135135134,15.64864864864865,0.4747189189189189,7.486486486486487,0.22733513513513515,6.905405405405405,38.0,1.1596067567567567,14074.067567567568,9788.77027027027,303.3053364864865,0.23084798648648655,12818.864864864865,,279.6216216216216,253.95945945945945,25.66216216216216,17.60810810810811,3.7567567567567566,8.615502702702706,3490.635135135135,4653.351351351352,86.28378378378379,3364.189189189189,4608.756756756757,84.66216216216216,126.44594594594595,44.5945945945946,1.6216216216216217,0.4864864864864865,0.43243243243243246,0.24324324324324326,0.33783783783783783,0.28378378378378377,0.2972972972972973,5735.445945945946,7430.851351351352,137.9189189189189,5267.716216216216,7246.891891891892,135.04054054054055,467.72972972972974,183.95945945945945,2.8783783783783785,1.2297297297297298,1.1891891891891893,0.5405405405405406,0.5540540540540541,0.7027027027027027,0.7432432432432432,Cluster 0
407,9.18,1,mid,2020.0,0.0,2.7777777777777777,4.666666666666667,1958.5555555555557,5.222222222222222,1.8888888888888888,6.0,17.77777777777778,11.555555555555555,0.5555555555555556,0.0,0.0,0.0,0.2222222222222222,0.0,0.2222222222222222,0.0,0.5654333333333333,0.9093444444444443,,,,,,,,,,,,,,,,,,,,,,,,0.3333333333333333,0.0,19197.666666666668,568.4445444444444,0.27082144444444445,510.2381111111111,390.10094444444445,17.22222222222222,0.5155,5.777777777777778,0.1777,6.777777777777778,36.77777777777778,1.0940666666666667,14041.666666666666,9770.444444444445,300.6772333333333,0.23287944444444447,12549.222222222223,,272.8888888888889,252.77777777777777,20.11111111111111,16.333333333333332,2.111111111111111,8.48988888888889,3570.8888888888887,4900.0,87.0,3282.222222222222,4497.444444444444,81.22222222222223,288.6666666666667,402.55555555555554,5.777777777777778,0.6666666666666666,0.7777777777777778,0.2222222222222222,0.3333333333333333,0.3333333333333333,0.6666666666666666,5613.222222222223,7485.555555555556,135.33333333333334,5307.222222222223,7237.111111111111,132.88888888888889,306.0,248.44444444444446,2.4444444444444446,1.1111111111111112,1.3333333333333333,0.3333333333333333,1.0,0.6666666666666666,0.8888888888888888,Cluster 0
417,9.19,1,mid,2019.0,0.0,1.5378151260504203,5.394957983193278,1997.5714285714287,4.34453781512605,1.6134453781512605,6.495798319327731,17.30252100840336,9.243697478991596,0.47058823529411764,0.08403361344537816,0.0,0.0,0.2184873949579832,0.09243697478991597,0.12605042016806722,0.06722689075630252,0.532950420168067,0.7989445378151258,,,,,,,,,,,,,,,,,,,,,,,,0.33613445378151263,0.04201680672268908,16461.1512605042,487.6377420168066,0.2542216470588236,469.1867596638656,367.5829672268908,15.07563025210084,0.4535092436974788,9.285714285714286,0.2712109243697479,5.974789915966387,38.3109243697479,1.141884033613446,14472.268907563026,10121.638655462184,305.58710672268927,0.23376561344537827,13148.36974789916,,293.30252100840335,263.3109243697479,29.991596638655462,18.88235294117647,5.73109243697479,8.855595798319328,3565.3361344537816,4699.4789915966385,87.87394957983193,3335.546218487395,4555.672268907563,83.59663865546219,229.78991596638656,143.80672268907563,4.277310924369748,0.5126050420168067,0.5042016806722689,0.15966386554621848,0.23529411764705882,0.37815126050420167,0.3865546218487395,5722.9327731092435,7430.579831932773,140.18487394957984,5253.176470588235,7135.033613445378,133.1344537815126,469.7563025210084,295.546218487395,7.050420168067227,1.050420168067227,1.1596638655462186,0.44537815126050423,0.5462184873949579,0.8487394957983193,0.7815126050420168,Cluster 0
427,9.21,1,mid,2019.0,1.0,2.7777777777777777,5.777777777777778,1977.0,8.777777777777779,3.6666666666666665,6.666666666666667,23.77777777777778,15.777777777777779,1.2222222222222223,0.5555555555555556,0.0,0.0,0.2222222222222222,0.0,0.2222222222222222,0.0,0.7268666666666667,1.2043333333333335,,,,,,,,,,,,,,,,,,,,,,,,0.3333333333333333,0.0,22128.333333333332,660.7440333333333,0.28994988888888895,547.1917444444445,318.7428777777778,14.88888888888889,0.4618222222222222,7.555555555555555,0.21915555555555555,5.333333333333333,40.55555555555556,1.2197333333333331,14905.777777777777,10597.111111111111,318.0177111111111,0.23615977777777777,13696.111111111111,,266.8888888888889,246.44444444444446,20.444444444444443,13.777777777777779,3.4444444444444446,8.072733333333332,3543.6666666666665,4400.333333333333,84.22222222222223,3221.222222222222,4276.222222222223,73.88888888888889,322.44444444444446,124.11111111111111,10.333333333333334,0.8888888888888888,1.0,0.4444444444444444,0.5555555555555556,0.4444444444444444,0.2222222222222222,5585.777777777777,6872.222222222223,131.77777777777777,5133.777777777777,6775.555555555556,121.55555555555556,452.0,96.66666666666667,10.222222222222221,1.4444444444444444,1.6666666666666667,1.1111111111111112,0.7777777777777778,1.8888888888888888,0.6666666666666666,Cluster 2
437,9.22,1,mid,2019.0,0.0,1.7272727272727273,6.484848484848484,1856.4545454545455,5.7272727272727275,2.8181818181818183,8.181818181818182,26.03030303030303,15.545454545454545,0.6363636363636364,0.06060606060606061,0.030303030303030304,0.0,0.2727272727272727,0.15151515151515152,0.12121212121212122,0.09090909090909091,0.8622151515151514,1.350209090909091,,,,,,,,,,,,,,,,,,,,,,,,0.2727272727272727,0.06060606060606061,18071.545454545456,582.6300363636363,0.2534345454545454,561.3789939393939,333.1262454545454,15.272727272727273,0.49472424242424234,8.272727272727273,0.26180909090909094,7.484848484848484,37.75757575757576,1.2102909090909093,13431.666666666666,9368.90909090909,303.854603030303,0.22002333333333332,12061.30303030303,,247.84848484848484,229.87878787878788,17.96969696969697,11.0,2.8484848484848486,8.01409393939394,3474.848484848485,4540.818181818182,79.24242424242425,3303.909090909091,4358.181818181818,76.33333333333333,170.93939393939394,182.63636363636363,2.909090909090909,0.7575757575757576,0.8484848484848485,0.48484848484848486,0.696969696969697,0.30303030303030304,0.8181818181818182,5656.30303030303,7102.606060606061,125.3030303030303,5216.969696969697,6764.636363636364,118.21212121212122,439.3333333333333,337.969696969697,7.090909090909091,1.8181818181818181,1.9393939393939394,1.0303030303030303,1.3333333333333333,1.121212121212121,1.696969696969697,Cluster 0
447,9.23,1,mid,2019.1860465116279,0.0,1.8837209302325582,5.151162790697675,1858.546511627907,5.4186046511627906,1.6046511627906976,7.534883720930233,19.348837209302324,8.616279069767442,0.813953488372093,0.10465116279069768,0.023255813953488372,0.0,0.27906976744186046,0.13953488372093023,0.13953488372093023,0.03488372093023256,0.6380930232558143,0.9090790697674416,,,,,,,,,,,,,,,,,,,,,,,,0.1875,0.0,15786.255813953489,513.1113848837209,0.2623158837209303,488.9248337209302,354.6257616279069,12.848837209302326,0.4145511627906977,8.348837209302326,0.26647790697674417,6.046511627906977,35.372093023255815,1.1370011627906973,13389.56976744186,9322.488372093023,304.13036627906985,0.2360061162790698,12038.89534883721,,258.7325581395349,232.9418604651163,25.790697674418606,15.883720930232558,4.674418604651163,8.39675581395349,3606.3953488372094,4666.430232558139,83.65116279069767,3324.1279069767443,4525.639534883721,81.4186046511628,282.2674418604651,140.7906976744186,2.2325581395348837,1.0116279069767442,0.7674418604651163,0.313953488372093,0.4069767441860465,0.5116279069767442,0.627906976744186,5832.139534883721,7338.813953488372,133.90697674418604,5221.558139534884,7061.441860465116,129.1860465116279,610.5813953488372,277.3720930232558,4.72093023255814,1.7906976744186047,1.5232558139534884,0.5465116279069767,0.7209302325581395,1.0348837209302326,1.127906976744186,Cluster 1
457,9.24,1,mid,2020.0,0.0,1.7826086956521738,5.391304347826087,1904.5,4.630434782608695,1.173913043478261,7.1521739130434785,18.717391304347824,7.326086956521739,0.5434782608695652,0.10869565217391304,0.0,0.0,0.2391304347826087,0.10869565217391304,0.13043478260869565,0.08695652173913043,0.6230391304347827,0.8433891304347827,,,,,,,,,,,,,,,,,,,,,,,,0.2608695652173913,0.021739130434782608,14347.108695652174,456.0374717391304,0.23756276086956526,429.3026717391304,361.6509326086957,17.804347826086957,0.5609173913043477,8.76086956521739,0.2737956521739131,7.760869565217392,40.26086956521739,1.2658521739130435,13304.565217391304,9143.804347826086,290.0606760869565,0.2271553260869565,12048.239130434782,,266.32608695652175,245.69565217391303,20.630434782608695,12.956521739130435,3.782608695652174,8.41088695652174,3543.2608695652175,4778.304347826087,87.78260869565217,3327.4347826086955,4712.239130434783,86.02173913043478,215.82608695652175,66.06521739130434,1.7608695652173914,0.717391304347826,0.3695652173913043,0.17391304347826086,0.2391304347826087,0.2608695652173913,0.34782608695652173,5646.108695652174,7566.217391304348,138.43478260869566,5195.04347826087,7295.086956521739,134.2391304347826,451.0652173913044,271.1304347826087,4.195652173913044,1.2608695652173914,1.1956521739130435,0.41304347826086957,0.5652173913043478,0.5869565217391305,0.8695652173913043,Cluster 1
467,10.01,1,mid,2020.0,0.0,1.3333333333333333,5.268518518518518,1995.7777777777778,4.601851851851852,1.5740740740740742,7.25,17.76851851851852,8.601851851851851,0.5925925925925926,0.12037037037037036,0.009259259259259259,0.0,0.19444444444444445,0.10185185185185185,0.09259259259259259,0.046296296296296294,0.5541740740740739,0.8078268518518522,,,,,,,,,,,,,,,,,,,,,,,,0.2894736842105263,0.06578947368421052,17626.38888888889,528.7251490740741,0.27054268518518515,448.7806842592593,363.5386694444446,15.37037037037037,0.4643138888888887,7.574074074074074,0.22375555555555562,6.787037037037037,39.074074074074076,1.1672435185185188,13620.277777777777,9273.287037037036,281.8984148148148,0.23357904629629636,12230.518518518518,,270.89814814814815,245.02777777777777,25.87037037037037,17.305555555555557,3.888888888888889,8.19127777777778,3427.2685185185187,4654.148148148148,84.67592592592592,3304.814814814815,4640.0,84.66666666666667,122.45370370370371,14.148148148148149,0.009259259259259259,0.49074074074074076,0.5185185185185185,0.2037037037037037,0.26851851851851855,0.23148148148148148,0.37962962962962965,5464.7037037037035,7374.166666666667,135.65740740740742,5214.675925925926,7268.314814814815,134.60185185185185,250.02777777777777,105.85185185185185,1.0555555555555556,0.9907407407407407,1.1851851851851851,0.4074074074074074,0.5925925925925926,0.7129629629629629,0.7407407407407407,Cluster 0
477,10.02,1,mid,2020.0,0.0,1.2990654205607477,5.320872274143302,2003.6230529595016,4.4392523364485985,1.3894080996884735,6.769470404984424,16.87538940809969,7.785046728971962,0.5607476635514018,0.12149532710280374,0.012461059190031152,0.0,0.2866043613707165,0.12461059190031153,0.16199376947040497,0.0529595015576324,0.5207626168224299,0.7501062305295951,,,,,,,,,,,,,,,,,,,,,,,,0.2834890965732087,0.024922118380062305,16667.165109034268,500.36787102803777,0.2637901205607478,434.04456884735197,362.3807457943925,15.841121495327103,0.47306978193146426,8.062305295950155,0.23393146417445473,7.071651090342679,39.202492211838006,1.1611283489096567,13784.009345794393,9421.046728971962,284.61456884735213,0.2355691183800625,12401.570093457944,,277.7725856697819,252.18068535825546,25.59190031152648,16.950155763239877,4.031152647975078,8.371317445482862,3450.5919003115264,4748.404984423676,87.10903426791278,3303.3894080996884,4630.781931464175,83.53894080996885,147.202492211838,117.62305295950156,3.5700934579439254,0.43302180685358255,0.5389408099688473,0.17445482866043613,0.2834890965732087,0.3052959501557632,0.3426791277258567,5513.448598130841,7495.663551401869,138.47663551401868,5168.4361370716515,7278.373831775701,132.97819314641745,345.01246105919006,217.28971962616822,5.498442367601246,0.9190031152647975,1.2274143302180685,0.38317757009345793,0.6105919003115264,0.6542056074766355,0.67601246105919,Cluster 1
487,10.03,1,mid,2020.0,0.0,1.2972136222910218,5.430340557275541,1970.6532507739937,4.365325077399381,1.5232198142414861,7.0092879256965945,17.30340557275542,7.693498452012384,0.5603715170278638,0.10835913312693499,0.006191950464396285,0.0,0.25077399380804954,0.09907120743034056,0.15170278637770898,0.043343653250773995,0.5436600619195051,0.7759012383900931,,,,,,,,,,,,,,,,,,,,,,,,0.30959752321981426,0.02786377708978328,17112.95665634675,516.2272312693502,0.255986117647059,457.7794486068111,371.1001520123837,15.526315789473685,0.4707869969040244,6.851393188854489,0.2056739938080497,6.9907120743034055,37.70897832817337,1.1344684210526315,13516.922600619195,9221.232198142416,282.515724767802,0.23132801238390105,12226.2693498452,,273.9597523219814,248.38699690402476,25.572755417956657,17.597523219814242,3.653250773993808,8.361479876160987,3427.185758513932,4739.114551083591,85.6811145510836,3316.5913312693497,4634.532507739938,83.9969040247678,110.59442724458205,104.58204334365325,1.6842105263157894,0.43962848297213625,0.48297213622291024,0.24458204334365324,0.28792569659442724,0.3281733746130031,0.3931888544891641,5469.303405572756,7485.328173374613,136.625386996904,5214.33746130031,7283.650154798762,133.92879256965944,254.96594427244582,201.67801857585138,2.696594427244582,0.9628482972136223,1.0743034055727554,0.4891640866873065,0.6068111455108359,0.6811145510835913,0.7523219814241486,Cluster 0
497,10.04,1,mid,2020.0,0.0,1.2612137203166227,5.203166226912929,2007.6015831134564,4.509234828496043,1.5197889182058046,7.002638522427441,17.485488126649077,8.229551451187335,0.5514511873350924,0.09762532981530343,0.018469656992084433,0.005277044854881266,0.22691292875989447,0.10290237467018469,0.12401055408970976,0.0633245382585752,0.5446934036939313,0.7866963060686012,,,,,,,,,,,,,,,,,,,,,,,,0.3801916932907348,0.019169329073482427,18401.15303430079,546.2963485488125,0.26692742796833774,455.7420372031662,364.28935171503934,15.284960422163588,0.45358944591029066,7.255936675461742,0.21087704485488115,6.612137203166227,38.29815303430079,1.125751978891821,13786.738786279684,9415.63852242744,283.9901939313985,0.23424105804749348,12490.493403693932,,275.44327176781,249.52242744063324,25.92084432717678,17.62005277044855,4.205804749340369,8.283458839050132,3431.820580474934,4694.986807387862,84.95514511873351,3323.7440633245383,4590.137203166227,82.94459102902374,108.07651715039577,104.84960422163589,2.0105540897097627,0.5065963060686016,0.5065963060686016,0.23746701846965698,0.32981530343007914,0.44591029023746703,0.36675461741424803,5470.751978891821,7422.939313984169,135.74142480211083,5175.868073878628,7163.989445910291,131.21108179419525,294.8839050131926,258.94986807387863,4.530343007915567,0.9683377308707124,1.1055408970976253,0.47757255936675463,0.6068601583113457,0.8601583113456465,0.7572559366754618,Cluster 0
507,10.05,1,mid,2020.0,0.16085790884718498,1.6273458445040214,5.171581769436997,1927.1072386058981,4.793565683646112,1.4584450402144773,7.386058981233244,18.262734584450403,7.986595174262734,0.6327077747989276,0.1126005361930295,0.013404825737265416,0.002680965147453083,0.24128686327077747,0.10991957104557641,0.13136729222520108,0.07238605898123325,0.5873067024128689,0.8322597855227889,,,,,,,,,,,,,,,,,,,,,,,,0.4014084507042254,0.017605633802816902,18031.1072386059,559.7280627345847,0.2674539115281501,460.61440509383414,358.9975672922249,14.595174262734584,0.45216943699731904,7.107238605898123,0.2176193029490617,6.241286863270777,36.788203753351205,1.1345276139410188,13486.552278820376,9279.65147453083,290.87996353887416,0.2346377801608576,12170.117962466487,,266.3941018766756,240.2117962466488,26.18230563002681,17.302949061662197,4.2359249329758715,8.316573994638073,3455.4718498659518,4702.756032171582,85.22252010723861,3300.753351206434,4583.823056300268,82.21447721179625,154.71849865951742,118.93297587131367,3.008042895442359,0.5254691689008043,0.5951742627345844,0.2359249329758713,0.32171581769436997,0.40214477211796246,0.4316353887399464,5580.584450402145,7457.892761394102,134.95174262734585,5167.252010723861,7162.721179624665,129.72922252010724,413.3324396782842,295.171581769437,5.222520107238606,1.126005361930295,1.386058981233244,0.4772117962466488,0.6621983914209115,0.8418230563002681,0.871313672922252,Cluster 0
517,10.06,1,mid,2020.0,0.15332197614991483,1.6933560477001703,5.37649063032368,1938.8977853492333,4.890971039182283,1.505962521294719,7.219761499148211,18.19420783645656,8.211243611584328,0.6575809199318569,0.15332197614991483,0.02555366269165247,0.0068143100511073255,0.28109028960817717,0.13458262350936967,0.1465076660988075,0.049403747870528106,0.578143100511073,0.8253487223168662,,,,,,,,,,,,,,,,,,,,,,,,0.42946708463949845,0.0219435736677116,18628.613287904598,573.144500170358,0.27258376950596264,469.2119417376494,349.7853148211245,14.282793867120954,0.4410228279386712,7.330494037478705,0.22300425894378187,6.277683134582624,36.55195911413969,1.1208948892674613,13639.434412265759,9408.47870528109,293.0180427597958,0.23521159114139692,12411.057921635434,,269.13458262350935,242.1413969335605,26.99318568994889,18.35434412265758,4.2793867120954,8.353729812606476,3490.1873935264052,4661.986371379898,84.56218057921636,3332.303236797274,4565.6660988074955,82.0664395229983,157.88415672913118,96.32027257240205,2.495741056218058,0.6183986371379898,0.676320272572402,0.2674616695059625,0.3781942078364566,0.4787052810902896,0.444633730834753,5635.144804088586,7422.119250425894,136.29812606473595,5215.982964224872,7140.783645655877,130.5281090289608,419.1618398637138,281.335604770017,5.770017035775128,1.151618398637138,1.3185689948892674,0.47018739352640543,0.6712095400340715,0.8858603066439523,0.8330494037478705,Cluster 0
527,10.07,1,mid,2020.0,0.36476426799007444,1.6873449131513647,5.369727047146402,1981.605459057072,5.431761786600497,1.6228287841191067,7.186104218362283,18.66501240694789,8.851116625310175,0.7344913151364765,0.1662531017369727,0.03970223325062035,0.009925558312655087,0.2630272952853598,0.11662531017369727,0.14640198511166252,0.08188585607940446,0.5821372208436718,0.8430764267990073,,,,,,,,,,,,,,,,,,,,,,,,0.4797843665768194,0.02425876010781671,20117.493796526054,603.3362215880901,0.27746315037220826,462.11931612903265,348.6481260545906,14.75682382133995,0.4443677419354839,6.672456575682382,0.19835632754342436,6.205955334987593,37.416873449131515,1.1168940446650133,14190.39205955335,9872.330024813897,300.6684042183625,0.24272782878411894,12870.724565756824,,278.0347394540943,248.32506203473946,29.70967741935484,20.00744416873449,5.106699751861042,8.45452531017369,3474.6277915632754,4667.669975186104,84.98759305210918,3317.411910669975,4587.255583126551,83.6848635235732,157.21588089330024,80.41439205955335,1.3027295285359801,0.543424317617866,0.652605459057072,0.24813895781637718,0.2977667493796526,0.38213399503722084,0.41935483870967744,5614.521091811414,7390.091811414392,135.4044665012407,5233.2704714640195,7228.104218362283,133.40198511166253,381.25062034739454,161.9875930521092,2.002481389578164,1.1414392059553349,1.3200992555831266,0.5136476426799007,0.6153846153846154,0.8163771712158809,0.8436724565756824,Cluster 3
537,10.08,1,mid,2020.0,0.5398230088495575,2.0530973451327434,5.8053097345132745,1934.513274336283,4.610619469026549,1.4513274336283186,7.123893805309734,18.079646017699115,8.920353982300885,0.6371681415929203,0.07964601769911504,0.0,0.0,0.23893805309734514,0.05309734513274336,0.18584070796460178,0.035398230088495575,0.5824805309734513,0.8603309734513274,,,,,,,,,,,,,,,,,,,,,,,,0.40707964601769914,0.04424778761061947,18351.991150442478,561.2736460176991,0.26328537433628313,449.82249026548675,320.0888300884955,15.238938053097344,0.47215486725663713,6.3097345132743365,0.1880778761061947,6.769911504424779,36.94690265486726,1.1295893805309734,13377.557522123894,9155.601769911504,285.61086017699114,0.23419507964601766,12043.805309734513,,266.8407079646018,239.12389380530973,27.716814159292035,18.646017699115045,4.539823008849558,8.280057522123894,3405.716814159292,4666.433628318584,84.53982300884955,3306.8141592920356,4581.716814159292,81.83185840707965,98.90265486725664,84.71681415929204,2.7079646017699117,0.39823008849557523,0.7256637168141593,0.17699115044247787,0.37168141592920356,0.3805309734513274,0.336283185840708,5466.477876106194,7364.1061946902655,134.39823008849558,5236.938053097345,7115.442477876106,128.39823008849558,229.53982300884957,248.6637168141593,6.0,0.8938053097345132,1.4690265486725664,0.4247787610619469,0.8141592920353983,0.8141592920353983,0.7610619469026548,Cluster 0
547,10.09,1,mid,2020.0,0.0,1.65,5.5,1916.8,4.8,2.2,8.8,23.95,14.1,0.55,0.1,0.05,0.0,0.1,0.0,0.1,0.0,0.7685000000000001,1.1950850000000002,,,,,,,,,,,,,,,,,,,,,,,,0.55,0.05,21334.8,656.08744,0.25196235,538.508925,333.59318500000006,11.9,0.36573999999999995,5.55,0.170195,4.75,32.0,1.0062250000000001,13326.0,9140.15,289.465155,0.21949554999999998,12046.35,,248.8,222.6,26.2,18.35,4.25,7.8972549999999995,3352.55,4527.5,79.85,3352.35,4585.05,79.85,0.2,-57.55,0.0,0.4,0.7,0.4,0.65,0.55,0.3,5463.9,7169.65,127.3,5305.3,7074.4,124.2,158.6,95.25,3.1,1.15,1.95,0.8,1.15,1.2,0.95,Cluster 3
557,10.1,1,mid,2020.0,0.0,1.683673469387755,5.8061224489795915,1926.5510204081634,5.26530612244898,1.9285714285714286,8.448979591836734,21.071428571428573,10.642857142857142,0.5816326530612245,0.10204081632653061,0.02040816326530612,0.01020408163265306,0.1836734693877551,0.10204081632653061,0.08163265306122448,0.05102040816326531,0.688661224489796,1.0132602040816328,,,,,,,,,,,,,,,,,,,,,,,,0.3877551020408163,0.04081632653061224,19441.632653061224,600.9996214285717,0.2615238061224491,492.1584132653059,371.32067346938777,13.561224489795919,0.42093877551020387,6.76530612244898,0.20155612244897952,5.428571428571429,36.244897959183675,1.1059489795918367,13656.795918367347,9451.0,295.7241673469387,0.23086052040816332,12488.112244897959,,263.0,239.18367346938774,23.816326530612244,15.693877551020408,4.275510204081633,8.193091836734695,3465.6632653061224,4653.459183673469,82.96938775510205,3320.173469387755,4556.7040816326535,81.26530612244898,145.48979591836735,96.75510204081633,1.7040816326530612,0.6530612244897959,0.7755102040816326,0.30612244897959184,0.3469387755102041,0.46938775510204084,0.5408163265306123,5639.989795918367,7423.65306122449,132.62244897959184,5287.132653061224,7201.826530612245,129.55102040816325,352.85714285714283,221.8265306122449,3.0714285714285716,1.3979591836734695,1.7346938775510203,0.6326530612244898,0.7857142857142857,0.9591836734693877,1.0204081632653061,Cluster 3
567,10.11,1,mid,2020.0,0.0,1.4756871035940804,5.156448202959831,1914.4418604651162,4.562367864693446,1.5961945031712474,7.8160676532769555,18.32980972515856,8.285412262156449,0.6342494714587738,0.10782241014799154,0.019027484143763214,0.0,0.2346723044397463,0.10993657505285412,0.12473572938689217,0.07610993657505286,0.5893854122621567,0.8417581395348833,,,,,,,,,,,,,,,,,,,,,,,,0.45353159851301117,0.01858736059479554,17416.07399577167,542.8114069767444,0.25692408054968274,457.5559023255815,360.46912452431286,13.813953488372093,0.4326334038054965,6.606765327695561,0.20354418604651173,6.023255813953488,35.264270613107826,1.0946989429175475,13437.801268498943,9256.742071881607,291.67266469344634,0.2317398435517971,12273.68710359408,,265.892177589852,240.615221987315,25.276955602536997,17.773784355179703,3.809725158562368,8.367306553911199,3481.873150105708,4653.101479915434,84.73361522198732,3372.966173361522,4609.221987315011,83.58773784355179,108.90697674418605,43.879492600422836,1.145877378435518,0.5687103594080338,0.6215644820295984,0.29809725158562367,0.37420718816067655,0.4503171247357294,0.4312896405919662,5626.568710359408,7428.830866807611,135.63213530655392,5313.086680761099,7258.545454545455,133.02536997885835,313.48202959830866,170.28541226215646,2.6067653276955602,1.1839323467230445,1.4059196617336152,0.5539112050739958,0.6997885835095138,0.9471458773784355,0.86892177589852,Cluster 0
577,10.12,1,mid,2020.0,0.014084507042253521,1.4350547730829422,5.364632237871675,1887.6384976525821,4.516431924882629,1.5649452269170578,7.86697965571205,18.386541471048513,8.275430359937403,0.5884194053208138,0.11267605633802817,0.01564945226917058,0.006259780907668232,0.2535211267605634,0.09546165884194054,0.15805946791862285,0.07511737089201878,0.6033464788732398,0.8635669796557124,,,,,,,,,,,,,,,,,,,,,,,,0.4646017699115044,0.024336283185840708,17501.189358372456,555.2645303599377,0.2630758594679184,461.6819865414709,352.9093527386539,13.754303599374023,0.4353549295774645,6.804381846635367,0.2125248826291079,6.059467918622849,36.05007824726135,1.1332871674491398,13324.425665101722,9198.051643192488,293.95414976525825,0.23283956338028156,12057.41627543036,,264.0907668231612,239.67605633802816,24.41471048513302,16.666666666666668,3.7370892018779345,8.408462441314567,3508.3661971830984,4679.633802816901,85.45539906103286,3397.851330203443,4597.154929577465,84.01877934272301,110.51486697965571,82.47887323943662,1.4366197183098592,0.5414710485133021,0.7543035993740219,0.2676056338028169,0.39436619718309857,0.4616588419405321,0.4397496087636933,5648.378716744914,7471.876369327074,136.9374021909233,5350.345852895149,7271.226917057903,133.44287949921753,298.03286384976525,200.64945226917058,3.4945226917057903,1.0704225352112675,1.5852895148669797,0.5633802816901409,0.758998435054773,0.9687010954616588,0.8685446009389671,Cluster 0
587,10.13,1,mid,2020.0,0.020537124802527645,1.4786729857819905,5.187993680884676,1927.91785150079,4.755134281200632,1.6192733017377567,8.0,18.83570300157978,8.802527646129542,0.608214849921011,0.12954186413902052,0.01579778830963665,0.004739336492890996,0.292259083728278,0.1358609794628752,0.15639810426540285,0.06951026856240126,0.6069949447077408,0.8756078988941556,,,,,,,,,,,,,,,,,,,,,,,,0.3990719257540603,0.016241299303944315,18201.598736176937,564.9170424960505,0.26231590347551326,460.8961328594002,350.9272203791467,13.80568720379147,0.4290202211690362,7.153238546603475,0.21841390205371247,6.1295418641390205,36.62559241706161,1.1285293838862571,13629.545023696683,9421.007898894155,295.11529810426555,0.23261460189573452,12401.73933649289,,268.93364928909955,243.56872037914692,25.364928909952607,17.31437598736177,3.868878357030016,8.379675671406003,3499.726698262243,4637.214849921011,84.77093206951027,3388.519747235387,4619.587677725119,84.18325434439178,111.20695102685625,17.627172195892577,0.5876777251184834,0.5481832543443917,0.7756714060031595,0.27488151658767773,0.3570300157977883,0.4755134281200632,0.40916271721958924,5629.385466034755,7429.641390205371,136.02053712480253,5354.431279620853,7305.723538704581,134.14060031595577,274.95418641390205,123.9178515007899,1.8799368088467614,1.09478672985782,1.5576619273301737,0.5339652448657188,0.7266982622432859,0.9399684044233807,0.8072669826224329,Cluster 0
597,10.14,1,mid,2020.0,0.013582342954159592,1.3820033955857385,5.3820033955857385,1916.753820033956,4.702886247877759,1.4414261460101867,7.755517826825128,18.07130730050934,8.35314091680815,0.6247877758913413,0.0967741935483871,0.013582342954159592,0.003395585738539898,0.2920203735144312,0.13242784380305603,0.15959252971137522,0.07470288624787776,0.5811393887945676,0.8355436332767404,,,,,,,,,,,,,,,,,,,,,,,,0.4427083333333333,0.03125,17807.378607809846,550.573496774193,0.2633187833616297,451.6001874363331,373.29343463497474,13.146010186757216,0.4105548387096774,7.0594227504244484,0.216579456706282,5.570458404074703,35.26146010186757,1.0919589134125633,13637.224108658744,9451.41935483871,297.2234893039051,0.23512467062818335,12429.709677419354,,268.9202037351443,243.77589134125637,25.144312393887947,17.577249575551782,3.5993208828522922,8.442557724957556,3529.3887945670626,4712.241086587436,86.65704584040748,3374.8896434634976,4619.950764006791,84.6383701188455,154.49915110356537,92.29032258064517,2.0186757215619693,0.5212224108658744,0.6977928692699491,0.21392190152801357,0.3073005093378608,0.432937181663837,0.42105263157894735,5704.276740237691,7538.916808149405,138.95415959252972,5308.300509337861,7289.112054329372,134.95585738539899,395.9762308998302,249.80475382003397,3.99830220713073,1.0747028862478778,1.4023769100169778,0.4142614601018676,0.6281833616298812,0.8539898132427843,0.8607809847198642,Cluster 0
607,10.15,1,mid,2020.0,0.1554559043348281,1.6263079222720478,5.339312406576981,1912.4708520179372,4.922272047832586,1.733931240657698,7.6591928251121075,19.34678624813154,9.372197309417041,0.6203288490284006,0.12705530642750373,0.014947683109118086,0.0014947683109118087,0.2645739910313901,0.11061285500747384,0.15396113602391628,0.05680119581464873,0.6264947683109116,0.9165482810164433,,,,,,,,,,,,,,,,,,,,,,,,0.4648910411622276,0.048426150121065374,17760.171898355755,556.6168460388641,0.2523832094170404,480.6508919282513,371.0921393124067,13.231689088191331,0.41281180866965667,6.759342301943199,0.2081828101644246,5.605381165919282,34.940209267563525,1.0845109118086709,13551.11659192825,9374.080717488789,296.0558878923765,0.23109426576980605,12335.436472346786,,265.1539611360239,240.34977578475338,24.804185351270554,16.902840059790734,3.790732436472347,8.33749237668161,3524.4140508221226,4633.6890881913305,84.22272047832585,3369.1494768310913,4559.626307922272,82.45440956651719,155.2645739910314,74.0627802690583,1.7683109118086697,0.6666666666666666,0.7488789237668162,0.2944693572496263,0.4260089686098655,0.4439461883408072,0.554559043348281,5718.340807174888,7435.696562032885,135.39910313901345,5320.0612855007475,7202.67264573991,131.23617339312406,398.2795216741405,233.02391629297458,4.162929745889387,1.3109118086696563,1.5186846038863977,0.5754857997010463,0.8236173393124065,0.9192825112107623,1.0328849028400597,Cluster 0
617,10.16,1,mid,2020.022687609075,0.62478184991274,2.115183246073298,5.345549738219895,1953.3420593368237,4.855148342059337,1.631762652705061,7.542757417102967,18.588132635253054,8.87260034904014,0.6387434554973822,0.12914485165794065,0.029668411867364748,0.0034904013961605585,0.24083769633507854,0.09598603839441536,0.14485165794066318,0.05759162303664921,0.5873153577661439,0.8531774869109953,,,,,,,,,,,,,,,,,,,,,,,,0.43724696356275305,0.03441295546558704,17761.612565445026,543.7079996509596,0.2562473996509598,476.772138568936,379.59121919720803,13.647469458987784,0.4195846422338567,6.790575916230367,0.2059839441535778,5.825479930191972,35.44851657940663,1.0801902268760906,13908.13612565445,9647.724258289703,298.1884506108205,0.2371354415357768,12651.931937172774,,277.2268760907504,251.45375218150087,25.773123909249563,17.63525305410122,4.092495636998255,8.55024083769634,3480.4642233856894,4638.926701570681,84.97905759162303,3399.005235602094,4597.607329842932,84.54101221640488,81.45898778359512,41.31937172774869,0.43804537521815007,0.525305410122164,0.6788830715532286,0.2844677137870855,0.38045375218150085,0.4851657940663176,0.387434554973822,5653.104712041885,7453.438045375218,137.51832460732984,5382.895287958115,7310.342059336824,135.83944153577661,270.20942408376965,143.09598603839441,1.6788830715532286,1.1413612565445026,1.3577661431064572,0.5584642233856894,0.7469458987783595,0.9389179755671903,0.8202443280977313,Cluster 0
627,10.18,1,mid,2020.0,0.0,1.4545454545454546,5.045454545454546,1795.090909090909,6.545454545454546,1.8181818181818181,9.136363636363637,24.227272727272727,11.0,1.2727272727272727,0.18181818181818182,0.0,0.0,0.3181818181818182,0.2727272727272727,0.045454545454545456,0.13636363636363635,0.8225363636363636,1.1774272727272725,,,,,,,,,,,,,,,,,,,,,,,,0.36363636363636365,0.045454545454545456,17528.81818181818,583.3111454545456,0.2520921818181818,467.8494090909091,348.56659545454545,12.5,0.42010454545454545,4.909090909090909,0.16169999999999998,4.7272727272727275,29.5,0.9747499999999998,13196.045454545454,9258.545454545454,310.0866409090909,0.23963481818181823,12134.09090909091,,239.13636363636363,213.36363636363637,25.772727272727273,16.818181818181817,5.2727272727272725,8.052981818181818,3654.0454545454545,4595.818181818182,80.9090909090909,3259.2272727272725,4301.818181818182,75.5909090909091,394.8181818181818,294.0,5.318181818181818,1.3181818181818181,0.7727272727272727,0.2727272727272727,0.45454545454545453,0.3181818181818182,0.8636363636363636,6012.545454545455,7356.909090909091,129.36363636363637,5127.045454545455,6669.636363636364,117.27272727272727,885.5,687.2727272727273,12.090909090909092,2.5454545454545454,1.5,0.5909090909090909,0.9545454545454546,0.7727272727272727,1.4090909090909092,Cluster 0
637,10.19,1,mid,2020.0,0.0594059405940594,1.7062706270627064,5.31023102310231,1864.6897689768978,5.316831683168317,1.8283828382838283,8.049504950495049,20.963696369636963,10.310231023102311,0.6831683168316832,0.132013201320132,0.019801980198019802,0.0,0.2376237623762376,0.1254125412541254,0.11221122112211221,0.08250825082508251,0.6921092409240923,1.0155683168316825,,,,,,,,,,,,,,,,,,,,,,,,0.4280442804428044,0.01845018450184502,16814.930693069306,540.3635742574261,0.2342121079207919,492.1570435643562,385.32898283828393,12.191419141914192,0.390544224422442,6.188118811881188,0.19569306930693048,4.894389438943894,32.04620462046205,1.0224165016501652,13403.488448844884,9323.927392739273,301.7980211221122,0.23081928712871297,12202.452145214522,,256.09570957095707,233.83025830258302,22.40924092409241,14.363036303630363,4.178217821782178,8.292304797047978,3498.1023102310232,4598.333333333333,82.79537953795379,3347.260726072607,4517.745874587459,80.55775577557756,150.84158415841586,80.58745874587459,2.237623762376238,0.6765676567656765,0.7722772277227723,0.40264026402640263,0.4389438943894389,0.5511551155115512,0.5445544554455446,5633.2805280528055,7340.178217821782,132.96699669966998,5281.006600660066,7124.907590759076,128.84818481848185,352.27392739273927,215.27062706270627,4.118811881188119,1.3003300330033003,1.6105610561056105,0.6996699669966997,0.8646864686468647,1.046204620462046,1.0594059405940595,Cluster 1
647,10.2,1,mid,2020.0,0.06666666666666667,1.7555555555555555,5.222222222222222,1658.5333333333333,6.133333333333334,2.1555555555555554,8.866666666666667,25.755555555555556,12.422222222222222,0.7777777777777778,0.1111111111111111,0.022222222222222223,0.022222222222222223,0.2222222222222222,0.06666666666666667,0.15555555555555556,0.1111111111111111,0.9674511111111112,1.40732,,,,,,,,,,,,,,,,,,,,,,,,0.26666666666666666,0.044444444444444446,16453.222222222223,589.3714244444444,0.23455757777777775,535.7619955555554,429.44546888888885,9.911111111111111,0.36032444444444456,4.622222222222222,0.15799999999999997,4.044444444444444,24.488888888888887,0.8706333333333334,12256.777777777777,8597.777777777777,311.74895111111107,0.22587431111111111,11221.155555555555,,217.44444444444446,197.9111111111111,19.533333333333335,10.577777777777778,4.7555555555555555,7.843822222222224,3526.4444444444443,4502.4,76.8,3329.6222222222223,4396.888888888889,75.26666666666667,196.82222222222222,105.5111111111111,1.5333333333333334,1.0222222222222221,1.1111111111111112,0.6888888888888889,0.6666666666666666,0.7777777777777778,0.8888888888888888,5901.977777777778,7261.711111111111,123.66666666666667,5246.266666666666,6905.044444444445,119.75555555555556,655.7111111111111,356.6666666666667,3.911111111111111,2.1333333333333333,2.488888888888889,1.0222222222222221,1.2,1.288888888888889,1.7777777777777777,Cluster 1
657,10.21,1,mid,2020.0,0.13559322033898305,1.7966101694915255,5.5423728813559325,1847.457627118644,6.169491525423729,1.9322033898305084,8.694915254237289,24.220338983050848,11.864406779661017,0.8305084745762712,0.13559322033898305,0.01694915254237288,0.0,0.1694915254237288,0.06779661016949153,0.1016949152542373,0.0847457627118644,0.8146322033898304,1.1800915254237287,,,,,,,,,,,,,,,,,,,,,,,,0.2033898305084746,0.05084745762711865,19263.20338983051,618.3597084745763,0.2535125254237288,514.2549542372881,377.19360169491534,12.457627118644067,0.4059254237288136,5.1525423728813555,0.16075084745762716,5.0,30.677966101694917,0.9806067796610171,13378.322033898305,9333.915254237289,304.1085491525425,0.2282590847457627,11955.389830508475,,244.47457627118644,222.5593220338983,21.915254237288135,13.694915254237289,3.9152542372881354,7.951033898305085,3505.5423728813557,4502.966101694915,79.72881355932203,3295.3050847457625,4405.474576271186,77.76271186440678,210.23728813559322,97.49152542372882,1.9661016949152543,0.9322033898305084,0.8305084745762712,0.5084745762711864,0.5423728813559322,0.4745762711864407,0.7796610169491526,5657.525423728814,7231.983050847458,127.10169491525424,5250.322033898305,7006.881355932203,124.42372881355932,407.20338983050846,225.10169491525423,2.6779661016949152,1.7796610169491525,1.88135593220339,0.847457627118644,1.11864406779661,1.0677966101694916,1.4915254237288136,Cluster 3
667,10.22,1,mid,2020.0,0.26,1.86,5.2,1909.4,5.64,2.14,9.08,23.88,12.34,0.62,0.14,0.02,0.02,0.18,0.04,0.14,0.08,0.7669080000000001,1.148962,,,,,,,,,,,,,,,,,,,,,,,,0.36,0.02,18633.94,582.3445819999997,0.24777942000000006,523.4340739999999,413.09116599999993,13.34,0.420336,5.7,0.1796340000000001,4.92,33.88,1.0596240000000001,13683.28,9512.48,301.16012400000005,0.22968060000000004,12595.86,,253.18,232.58,20.6,12.42,3.88,7.962578,3488.0,4517.5,81.36,3385.04,4520.28,81.32,102.96,-2.78,0.04,0.68,1.22,0.34,0.46,0.6,0.5,5671.52,7223.0,128.68,5334.38,7134.54,128.66,337.14,88.46,0.02,1.46,2.3,0.78,0.92,1.28,1.22,Cluster 0
677,10.23,1,mid,2020.4375,0.5625,1.8125,5.1875,1729.875,5.125,3.375,11.3125,29.0,15.8125,0.6875,0.0625,0.0,0.0,0.3125,0.125,0.1875,0.0,1.0607312500000001,1.5714937499999997,,,,,,,,,,,,,,,,,,,,,,,,0.25,0.0,20461.25,687.6846625,0.23173449999999998,522.7460562499999,352.0634625,10.3125,0.36895625,4.4375,0.14382499999999998,4.875,26.25,0.9017937500000001,12095.4375,8290.875,286.043625,0.2070139375,10774.125,,210.25,193.4375,16.8125,11.75,2.125,7.3839375,3504.375,4686.625,78.375,3339.625,4573.875,77.8125,164.75,112.75,0.5625,0.875,1.375,0.5625,0.8125,0.1875,1.125,5618.9375,7394.5625,124.125,5348.75,7052.4375,121.625,270.1875,342.125,2.5,1.375,3.0,1.0,1.625,0.3125,2.25,Cluster 3
687,10.24,1,mid,2020.0,1.0,1.7142857142857142,4.428571428571429,1672.2857142857142,6.0,2.142857142857143,7.857142857142857,25.857142857142858,13.285714285714286,1.0,0.0,0.0,0.0,0.14285714285714285,0.0,0.14285714285714285,0.0,0.9170999999999998,1.3864571428571428,,,,,,,,,,,,,,,,,,,,,,,,0.42857142857142855,0.0,15071.0,526.9036428571428,0.19883999999999996,551.7455857142858,425.28571428571433,10.571428571428571,0.3798285714285714,4.285714285714286,0.15261428571428567,3.5714285714285716,25.285714285714285,0.9027714285714286,11329.285714285714,7642.142857142857,272.45861428571425,0.20961371428571432,10083.57142857143,,200.71428571428572,183.28571428571428,17.428571428571427,8.714285714285714,6.428571428571429,7.235385714285714,3354.0,4500.142857142857,76.85714285714286,3261.285714285714,4575.142857142857,76.14285714285714,92.71428571428571,-75.0,0.7142857142857143,0.7142857142857143,0.8571428571428571,0.42857142857142855,0.5714285714285714,0.7142857142857143,0.5714285714285714,5136.428571428572,6894.428571428572,116.42857142857143,5230.428571428572,6906.571428571428,118.14285714285714,-94.0,-12.142857142857142,-1.7142857142857142,1.4285714285714286,1.7142857142857142,0.8571428571428571,1.7142857142857142,1.0,1.1428571428571428,Cluster 1
697,10.25,1,mid,2020.4342105263158,0.0,1.5789473684210527,5.5,1901.2368421052631,4.092105263157895,1.5657894736842106,8.671052631578947,19.236842105263158,9.342105263157896,0.5263157894736842,0.05263157894736842,0.013157894736842105,0.0,0.2236842105263158,0.11842105263157894,0.10526315789473684,0.05263157894736842,0.6224342105263156,0.9134039473684212,,,,,,,,,,,,,,,,,,,,,,,,0.36363636363636365,0.0,17155.342105263157,541.7100565789474,0.24484244736842103,409.56998157894736,330.22626973684214,13.736842105263158,0.43444210526315763,7.342105263157895,0.22796184210526316,5.671052631578948,37.38157894736842,1.1693092105263156,13486.131578947368,9331.986842105263,295.93217763157895,0.2269683552631579,12120.855263157895,,273.07894736842104,252.23684210526315,20.842105263157894,14.078947368421053,3.223684210526316,8.638028947368417,3505.75,4635.815789473684,86.84210526315789,3374.9605263157896,4478.276315789473,83.42105263157895,130.78947368421052,157.53947368421052,3.4210526315789473,0.5657894736842105,0.7631578947368421,0.25,0.3815789473684211,0.5131578947368421,0.5,5654.236842105263,7495.065789473684,140.89473684210526,5370.513157894737,7256.0921052631575,136.77631578947367,283.7236842105263,238.97368421052633,4.118421052631579,1.0526315789473684,1.7236842105263157,0.4342105263157895,0.6710526315789473,1.0657894736842106,0.8947368421052632,Cluster 0
707,11.01,1,mid,2021.0,0.045454545454545456,1.6666666666666667,5.242424242424242,1833.878787878788,4.460606060606061,1.8272727272727274,8.454545454545455,20.830303030303032,10.184848484848485,0.5303030303030303,0.08484848484848485,0.01818181818181818,0.0030303030303030303,0.24545454545454545,0.11818181818181818,0.12727272727272726,0.0696969696969697,0.7073912121212124,1.0335430303030304,,,,,,,,,,,,,,,,,,,,,,,,0.2868525896414343,0.01195219123505976,16676.963636363635,544.7648878787876,0.24118044242424239,442.2736030303034,361.19193303030335,12.563636363636364,0.40814363636363643,5.724242424242425,0.1832263636363635,5.121212121212121,32.11818181818182,1.0373999999999999,12825.354545454546,8808.645454545454,290.97708393939394,0.22178670000000003,11499.148484848485,,249.2030303030303,228.47575757575757,20.727272727272727,13.787878787878787,3.596969696969697,8.194204545454541,3476.4151515151516,4624.563636363637,82.9939393939394,3302.639393939394,4510.075757575758,79.24545454545455,173.77575757575758,114.48787878787878,3.7484848484848485,0.6393939393939394,0.7242424242424242,0.3484848484848485,0.4090909090909091,0.5909090909090909,0.5333333333333333,5647.727272727273,7375.518181818182,133.34242424242424,5226.563636363637,7146.978787878787,127.34848484848484,421.1636363636364,228.53939393939393,5.993939393939394,1.2727272727272727,1.4848484848484849,0.6818181818181818,0.8454545454545455,1.1696969696969697,1.0454545454545454,Cluster 1
